Date,CPU Utilization,CPU Power
2026-01-06 21:39:00,0.04569892473118,0.42407956269452
2026-01-06 21:39:01,0.01336898395722,0.11905591950456
2026-01-06 21:39:02,0.00263157894737,0.02570211011489
2026-01-06 21:39:03,0.00531914893617,0.04522022560967
2026-01-06 21:39:04,0.00261096605744,0.01903223925723
2026-01-06 21:39:05,0.00000000000000,0.00000000000000
2026-01-06 21:39:06,0.00263157894737,0.01971869084853
2026-01-06 21:39:07,0.00268817204301,0.02033806548909
2026-01-06 21:39:08,0.00000000000000,0.00000000000000
2026-01-06 21:39:09,0.00000000000000,0.00000000000000
2026-01-06 21:39:10,0.00270270270270,0.01912677240826
2026-01-06 21:39:11,0.00263852242744,0.01823474295604
2026-01-06 21:39:12,0.00261780104712,0.01825159640258
2026-01-06 21:39:13,0.00000000000000,0.00000000000000
2026-01-06 21:39:14,0.00262467191601,0.01788860294330
2026-01-06 21:39:15,0.00000000000000,0.00000000000000
2026-01-06 21:39:16,0.00534759358289,0.03724156798130
2026-01-06 21:39:17,0.00259740259740,0.01824697348719
2026-01-06 21:39:18,0.00262467191601,0.01804154935802
2026-01-06 21:39:19,0.00000000000000,0.00000000000000
2026-01-06 21:39:20,0.00263157894737,0.01831256409260
2026-01-06 21:39:21,0.00264550264550,0.01803659859217
2026-01-06 21:39:22,0.00000000000000,0.00000000000000
2026-01-06 21:39:23,0.00258397932817,0.01765139501531
2026-01-06 21:39:24,0.00000000000000,0.00000000000000
2026-01-06 21:39:25,0.00000000000000,0.00000000000000
2026-01-06 21:39:26,0.00523560209424,0.03705351497314
2026-01-06 21:39:27,0.00000000000000,0.00000000000000
2026-01-06 21:39:28,0.00265957446809,0.01829246030483
2026-01-06 21:39:29,0.00000000000000,0.00000000000000
2026-01-06 21:39:30,0.00527704485488,0.03695838227204
2026-01-06 21:39:31,0.00000000000000,0.00000000000000
2026-01-06 21:39:32,0.00000000000000,0.00000000000000
2026-01-06 21:39:33,0.00262467191601,0.01813453525615
2026-01-06 21:39:34,0.00000000000000,0.00000000000000
2026-01-06 21:39:35,0.00000000000000,0.00000000000000
2026-01-06 21:39:36,0.00261780104712,0.01783980296001
2026-01-06 21:39:37,0.00259740259740,0.01752648427706
2026-01-06 21:39:38,0.00000000000000,0.00000000000000
2026-01-06 21:39:39,0.00259067357513,0.01759334836256
2026-01-06 21:39:40,0.00260416666667,0.01829687995207
2026-01-06 21:39:41,0.00000000000000,0.00000000000000
2026-01-06 21:39:42,0.00263157894737,0.01835238122025
2026-01-06 21:39:43,0.00255754475703,0.01795304528760
2026-01-06 21:39:44,0.00000000000000,0.00000000000000
2026-01-06 21:39:45,0.00000000000000,0.00000000000000
2026-01-06 21:39:46,0.00267379679144,0.01849009128596
2026-01-06 21:39:47,0.00261780104712,0.01766928953104
2026-01-06 21:39:48,0.00000000000000,0.00000000000000
2026-01-06 21:39:49,0.00000000000000,0.00000000000000
2026-01-06 21:39:50,0.00267379679144,0.01887918739551
2026-01-06 21:39:51,0.00261780104712,0.01740937451015
2026-01-06 21:39:52,0.00258397932817,0.01770122407221
2026-01-06 21:39:53,0.00000000000000,0.00000000000000
2026-01-06 21:39:54,0.00000000000000,0.00000000000000
2026-01-06 21:39:55,0.00263852242744,0.01823474295604
2026-01-06 21:39:56,0.00000000000000,0.00000000000000
2026-01-06 21:39:57,0.00261780104712,0.01803934536588
2026-01-06 21:39:58,0.00000000000000,0.00000000000000
2026-01-06 21:39:59,0.00000000000000,0.00000000000000
2026-01-06 21:40:00,0.00523560209424,0.03625746254969
2026-01-06 21:40:01,0.00264550264550,0.01870153999125
2026-01-06 21:40:02,0.00000000000000,0.00000000000000
2026-01-06 21:40:03,0.00000000000000,0.00000000000000
2026-01-06 21:40:04,0.00000000000000,0.00000000000000
2026-01-06 21:40:05,0.00531914893617,0.03668130609101
2026-01-06 21:40:06,0.00000000000000,0.00000000000000
2026-01-06 21:40:07,0.00000000000000,0.00000000000000
2026-01-06 21:40:08,0.00265251989390,0.01842379762501
2026-01-06 21:40:09,0.00263852242744,0.01793164910688
2026-01-06 21:40:10,0.00000000000000,0.00000000000000
2026-01-06 21:40:11,0.00000000000000,0.00000000000000
2026-01-06 21:40:12,0.00262467191601,0.01788860294330
2026-01-06 21:40:13,0.00258397932817,0.01737251412322
2026-01-06 21:40:14,0.00000000000000,0.00000000000000
2026-01-06 21:40:15,0.00260416666667,0.01774298811968
2026-01-06 21:40:16,0.00262467191601,0.01863763247001
2026-01-06 21:40:17,0.00000000000000,0.00000000000000
2026-01-06 21:40:18,0.00000000000000,0.00000000000000
2026-01-06 21:40:19,0.00261780104712,0.01828985431213
2026-01-06 21:40:20,0.00265251989390,0.01872135499510
2026-01-06 21:40:21,0.00269541778976,0.01881975296885
2026-01-06 21:40:22,0.00000000000000,0.00000000000000
2026-01-06 21:40:23,0.00265957446809,0.01796193424742
2026-01-06 21:40:24,0.00000000000000,0.00000000000000
2026-01-06 21:40:25,0.00276243093923,0.02107124400593
2026-01-06 21:40:26,0.00344827586207,0.02827624711370
2026-01-06 21:40:27,0.00000000000000,0.00000000000000
2026-01-06 21:40:28,0.00547945205479,0.03981392209543
2026-01-06 21:40:29,0.00000000000000,0.00000000000000
2026-01-06 21:40:30,0.00537634408602,0.03727929325105
2026-01-06 21:40:31,0.00000000000000,0.00000000000000
2026-01-06 21:40:32,0.00261096605744,0.01773677549970
2026-01-06 21:40:33,0.00000000000000,0.00000000000000
2026-01-06 21:40:34,0.00261780104712,0.01794325553956
2026-01-06 21:40:35,0.00000000000000,0.00000000000000
2026-01-06 21:40:36,0.00263852242744,0.01775234844943
2026-01-06 21:40:37,0.00000000000000,0.00000000000000
2026-01-06 21:40:38,0.00288184438040,0.02243126397302
2026-01-06 21:40:39,0.00268096514745,0.01871388733272
2026-01-06 21:40:40,0.00270270270270,0.01887312730335
2026-01-06 21:40:41,0.00000000000000,0.00000000000000
2026-01-06 21:40:42,0.00260416666667,0.01798623843030
2026-01-06 21:40:43,0.00000000000000,0.00000000000000
2026-01-06 21:40:44,0.00259067357513,0.01774911374958
2026-01-06 21:40:45,0.00000000000000,0.00000000000000
2026-01-06 21:40:46,0.00000000000000,0.00000000000000
2026-01-06 21:40:47,0.00529100529101,0.03628326129761
2026-01-06 21:40:48,0.00000000000000,0.00000000000000
2026-01-06 21:40:49,0.00000000000000,0.00000000000000
2026-01-06 21:40:50,0.00265957446809,0.01808060648801
2026-01-06 21:40:51,0.00264550264550,0.01809010132458
2026-01-06 21:40:52,0.00000000000000,0.00000000000000
2026-01-06 21:40:53,0.00268817204301,0.01919921246691
2026-01-06 21:40:54,0.00000000000000,0.00000000000000
2026-01-06 21:40:55,0.00554016620499,0.04709136056725
2026-01-06 21:40:56,0.00000000000000,0.00000000000000
2026-01-06 21:40:57,0.00000000000000,0.00000000000000
2026-01-06 21:40:58,0.00000000000000,0.00000000000000
2026-01-06 21:40:59,0.00526315789474,0.03678177036263
2026-01-06 21:41:00,0.00000000000000,0.00000000000000
2026-01-06 21:41:01,0.00261780104712,0.01794325553956
2026-01-06 21:41:02,0.00262467191601,0.01777665100162
2026-01-06 21:41:03,0.00000000000000,0.00000000000000
2026-01-06 21:41:04,0.00000000000000,0.00000000000000
2026-01-06 21:41:05,0.00257731958763,0.01791685353397
2026-01-06 21:41:06,0.00000000000000,0.00000000000000
2026-01-06 21:41:07,0.00270270270270,0.02156726243549
2026-01-06 21:41:08,0.00000000000000,0.00000000000000
2026-01-06 21:41:09,0.00000000000000,0.00000000000000
2026-01-06 21:41:10,0.00258397932817,0.01731017292367
2026-01-06 21:41:11,0.00552486187845,0.03945723863169
2026-01-06 21:41:12,0.00000000000000,0.00000000000000
2026-01-06 21:41:13,0.00268817204301,0.01958331708485
2026-01-06 21:41:14,0.00000000000000,0.00000000000000
2026-01-06 21:41:15,0.00263157894737,0.01788253469684
2026-01-06 21:41:16,0.00000000000000,0.00000000000000
2026-01-06 21:41:17,0.00280898876404,0.02555814472611
2026-01-06 21:41:18,0.00276243093923,0.02487463288747
2026-01-06 21:41:19,0.00000000000000,0.00000000000000
2026-01-06 21:41:20,0.00526315789474,0.03654272362072
2026-01-06 21:41:21,0.00261096605744,0.01779126538296
2026-01-06 21:41:22,0.00000000000000,0.00000000000000
2026-01-06 21:41:23,0.00000000000000,0.00000000000000
2026-01-06 21:41:24,0.00263157894737,0.01776578165748
2026-01-06 21:41:25,0.00000000000000,0.00000000000000
2026-01-06 21:41:26,0.00000000000000,0.00000000000000
2026-01-06 21:41:27,0.00268817204301,0.01844743555665
2026-01-06 21:41:28,0.00263852242744,0.01844181193051
2026-01-06 21:41:29,0.00000000000000,0.00000000000000
2026-01-06 21:41:30,0.00536193029491,0.03758275051596
2026-01-06 21:41:31,0.00268096514745,0.01899696316906
2026-01-06 21:41:32,0.00000000000000,0.00000000000000
2026-01-06 21:41:33,0.00279329608939,0.02182595883963
2026-01-06 21:41:34,0.00000000000000,0.00000000000000
2026-01-06 21:41:35,0.00268817204301,0.01863964662553
2026-01-06 21:41:36,0.00000000000000,0.00000000000000
2026-01-06 21:41:37,0.00000000000000,0.00000000000000
2026-01-06 21:41:38,0.00263852242744,0.01798699861046
2026-01-06 21:41:39,0.00000000000000,0.00000000000000
2026-01-06 21:41:40,0.00527704485488,0.03637754238841
2026-01-06 21:41:41,0.00000000000000,0.00000000000000
2026-01-06 21:41:42,0.00000000000000,0.00000000000000
2026-01-06 21:41:43,0.00000000000000,0.00000000000000
2026-01-06 21:41:44,0.00330033003300,0.02413387459657
2026-01-06 21:41:45,0.00296735905045,0.02481776148746
2026-01-06 21:41:46,0.00000000000000,0.00000000000000
2026-01-06 21:41:47,0.00265251989390,0.01858211714888
2026-01-06 21:41:48,0.00264550264550,0.01837270899789
2026-01-06 21:41:49,0.00000000000000,0.00000000000000
2026-01-06 21:41:50,0.00546448087432,0.04660932910722
2026-01-06 21:41:51,0.00273224043716,0.02477169796983
2026-01-06 21:41:52,0.00000000000000,0.00000000000000
2026-01-06 21:41:53,0.00000000000000,0.00000000000000
2026-01-06 21:41:54,0.00268096514745,0.01854200688073
2026-01-06 21:41:55,0.00000000000000,0.00000000000000
2026-01-06 21:41:56,0.00000000000000,0.00000000000000
2026-01-06 21:41:57,0.00260416666667,0.01779527729395
2026-01-06 21:41:58,0.00263157894737,0.01776578165748
2026-01-06 21:41:59,0.00000000000000,0.00000000000000
2026-01-06 21:42:00,0.00527704485488,0.03695838227204
2026-01-06 21:42:01,0.00000000000000,0.00000000000000
2026-01-06 21:42:02,0.00264550264550,0.01809010132458
2026-01-06 21:42:03,0.00000000000000,0.00000000000000
2026-01-06 21:42:04,0.00000000000000,0.00000000000000
2026-01-06 21:42:05,0.00271739130435,0.01952917421176
2026-01-06 21:42:06,0.00337837837838,0.02838398733497
2026-01-06 21:42:07,0.00000000000000,0.00000000000000
2026-01-06 21:42:08,0.00263157894737,0.01799076113974
2026-01-06 21:42:09,0.00265957446809,0.01834065304551
2026-01-06 21:42:10,0.00264550264550,0.01823912264408
2026-01-06 21:42:11,0.00261780104712,0.01825159640258
2026-01-06 21:42:12,0.00000000000000,0.00000000000000
2026-01-06 21:42:13,0.00000000000000,0.00000000000000
2026-01-06 21:42:14,0.00261096605744,0.01789432850238
2026-01-06 21:42:15,0.00264550264550,0.01819127554467
2026-01-06 21:42:16,0.00000000000000,0.00000000000000
2026-01-06 21:42:17,0.00000000000000,0.00000000000000
2026-01-06 21:42:18,0.00265957446809,0.01819053015241
2026-01-06 21:42:19,0.00000000000000,0.00000000000000
2026-01-06 21:42:20,0.00537634408602,0.03921563349854
2026-01-06 21:42:21,0.00293255131965,0.02523888161157
2026-01-06 21:42:22,0.00000000000000,0.00000000000000
2026-01-06 21:42:23,0.00265957446809,0.01838711289892
2026-01-06 21:42:24,0.00000000000000,0.00000000000000
2026-01-06 21:42:25,0.00000000000000,0.00000000000000
2026-01-06 21:42:26,0.00272479564033,0.02447691237670
2026-01-06 21:42:27,0.00280898876404,0.02433240692903
2026-01-06 21:42:28,0.00824175824176,0.05747319360911
2026-01-06 21:42:29,0.00273224043716,0.01886545426361
2026-01-06 21:42:30,0.00263157894737,0.01865961765016
2026-01-06 21:42:31,0.00265957446809,0.01834065304551
2026-01-06 21:42:32,0.00000000000000,0.00000000000000
2026-01-06 21:42:33,0.00000000000000,0.00000000000000
2026-01-06 21:42:34,0.00263157894737,0.01750359694746
2026-01-06 21:42:35,0.00000000000000,0.00000000000000
2026-01-06 21:42:36,0.00263157894737,0.01799076113974
2026-01-06 21:42:37,0.00000000000000,0.00000000000000
2026-01-06 21:42:38,0.00000000000000,0.00000000000000
2026-01-06 21:42:39,0.00265251989390,0.01842379762501
2026-01-06 21:42:40,0.00266666666667,0.01813080432494
2026-01-06 21:42:41,0.00000000000000,0.00000000000000
2026-01-06 21:42:42,0.00261780104712,0.01760799447823
2026-01-06 21:42:43,0.00000000000000,0.00000000000000
2026-01-06 21:42:44,0.00550964187328,0.04365123786340
2026-01-06 21:42:45,0.00000000000000,0.00000000000000
2026-01-06 21:42:46,0.00000000000000,0.00000000000000
2026-01-06 21:42:47,0.00000000000000,0.00000000000000
2026-01-06 21:42:48,0.00270270270270,0.01933653092105
2026-01-06 21:42:49,0.00270270270270,0.02236044517733
2026-01-06 21:42:50,0.00277008310249,0.02267337364914
2026-01-06 21:42:51,0.00000000000000,0.00000000000000
2026-01-06 21:42:52,0.00265251989390,0.01842379762501
2026-01-06 21:42:53,0.00000000000000,0.00000000000000
2026-01-06 21:42:54,0.00259740259740,0.01793733488753
2026-01-06 21:42:55,0.00000000000000,0.00000000000000
2026-01-06 21:42:57,0.00000000000000,0.00000000000000
2026-01-06 21:42:58,0.00271739130435,0.01875814414475
2026-01-06 21:42:59,0.00000000000000,0.00000000000000
2026-01-06 21:43:00,0.00526315789474,0.03608381081452
2026-01-06 21:43:01,0.00000000000000,0.00000000000000
2026-01-06 21:43:02,0.00280112044818,0.02469705092570
2026-01-06 21:43:03,0.00000000000000,0.00000000000000
2026-01-06 21:43:04,0.00262467191601,0.01799244713109
2026-01-06 21:43:05,0.00000000000000,0.00000000000000
2026-01-06 21:43:06,0.00000000000000,0.00000000000000
2026-01-06 21:43:07,0.00000000000000,0.00000000000000
2026-01-06 21:43:08,0.00555555555556,0.04138193639219
2026-01-06 21:43:09,0.00266666666667,0.01909217813456
2026-01-06 21:43:10,0.00000000000000,0.00000000000000
2026-01-06 21:43:11,0.00000000000000,0.00000000000000
2026-01-06 21:43:12,0.00526315789474,0.03645740059257
2026-01-06 21:43:13,0.00000000000000,0.00000000000000
2026-01-06 21:43:14,0.00000000000000,0.00000000000000
2026-01-06 21:43:15,0.00000000000000,0.00000000000000
2026-01-06 21:43:16,0.00267379679144,0.01866139122599
2026-01-06 21:43:17,0.00000000000000,0.00000000000000
2026-01-06 21:43:18,0.00000000000000,0.00000000000000
2026-01-06 21:43:19,0.00550964187328,0.03896175373194
2026-01-06 21:43:20,0.00271002710027,0.01896670193052
2026-01-06 21:43:21,0.00000000000000,0.00000000000000
2026-01-06 21:43:22,0.00260416666667,0.01798623843030
2026-01-06 21:43:23,0.00000000000000,0.00000000000000
2026-01-06 21:43:24,0.00000000000000,0.00000000000000
2026-01-06 21:43:25,0.00270270270270,0.02160629379268
2026-01-06 21:43:26,0.00271739130435,0.02247000003930
2026-01-06 21:43:27,0.00268096514745,0.01927922179882
2026-01-06 21:43:28,0.00000000000000,0.00000000000000
2026-01-06 21:43:29,0.00261096605744,0.01779126538296
2026-01-06 21:43:30,0.00529100529101,0.03674541799578
2026-01-06 21:43:31,0.00000000000000,0.00000000000000
2026-01-06 21:43:32,0.00261780104712,0.01799217879454
2026-01-06 21:43:33,0.00000000000000,0.00000000000000
2026-01-06 21:43:34,0.00000000000000,0.00000000000000
2026-01-06 21:43:35,0.00000000000000,0.00000000000000
2026-01-06 21:43:36,0.00536193029491,0.03817564179941
2026-01-06 21:43:37,0.00000000000000,0.00000000000000
2026-01-06 21:43:38,0.00000000000000,0.00000000000000
2026-01-06 21:43:39,0.00000000000000,0.00000000000000
2026-01-06 21:43:40,0.00530503978780,0.03701124292630
2026-01-06 21:43:41,0.00294117647059,0.03016896907117
2026-01-06 21:43:42,0.00000000000000,0.00000000000000
2026-01-06 21:43:43,0.00280898876404,0.02162153672094
2026-01-06 21:43:44,0.00000000000000,0.00000000000000
2026-01-06 21:43:45,0.00265957446809,0.01829246030483
2026-01-06 21:43:46,0.00264550264550,0.01809010132458
2026-01-06 21:43:47,0.00000000000000,0.00000000000000
2026-01-06 21:43:48,0.00000000000000,0.00000000000000
2026-01-06 21:43:49,0.00000000000000,0.00000000000000
2026-01-06 21:43:50,0.00258397932817,0.01737251412322
2026-01-06 21:43:51,0.00527704485488,0.03655818426985
2026-01-06 21:43:52,0.00000000000000,0.00000000000000
2026-01-06 21:43:53,0.00268817204301,0.01859420985616
2026-01-06 21:43:54,0.00000000000000,0.00000000000000
2026-01-06 21:43:55,0.00000000000000,0.00000000000000
2026-01-06 21:43:56,0.00259740259740,0.01774705992274
2026-01-06 21:43:57,0.00000000000000,0.00000000000000
2026-01-06 21:43:58,0.00265957446809,0.01906519604122
2026-01-06 21:43:59,0.00271739130435,0.01986005795880
2026-01-06 21:44:00,0.00272479564033,0.01885961919244
2026-01-06 21:44:01,0.00000000000000,0.00000000000000
2026-01-06 21:44:02,0.00267379679144,0.01862078399065
2026-01-06 21:44:03,0.00261780104712,0.01747813798306
2026-01-06 21:44:04,0.00000000000000,0.00000000000000
2026-01-06 21:44:05,0.00275482093664,0.02110913404339
2026-01-06 21:44:06,0.00273972602740,0.02104692804376
2026-01-06 21:44:07,0.00000000000000,0.00000000000000
2026-01-06 21:44:08,0.00000000000000,0.00000000000000
2026-01-06 21:44:09,0.00265957446809,0.01824244876752
2026-01-06 21:44:10,0.00523560209424,0.03567960592002
2026-01-06 21:44:11,0.00000000000000,0.00000000000000
2026-01-06 21:44:12,0.00000000000000,0.00000000000000
2026-01-06 21:44:13,0.00264550264550,0.01853051413318
2026-01-06 21:44:14,0.00000000000000,0.00000000000000
2026-01-06 21:44:15,0.00000000000000,0.00000000000000
2026-01-06 21:44:16,0.00267379679144,0.01877540513309
2026-01-06 21:44:17,0.00264550264550,0.01837270899789
2026-01-06 21:44:18,0.00000000000000,0.00000000000000
2026-01-06 21:44:19,0.00000000000000,0.00000000000000
2026-01-06 21:44:20,0.00524934383202,0.03880308400028
2026-01-06 21:44:21,0.00292397660819,0.02478419111415
2026-01-06 21:44:22,0.00268817204301,0.02108843563453
2026-01-06 21:44:23,0.00000000000000,0.00000000000000
2026-01-06 21:44:24,0.00267379679144,0.01877540513309
2026-01-06 21:44:25,0.00000000000000,0.00000000000000
2026-01-06 21:44:26,0.00277008310249,0.02391025092388
2026-01-06 21:44:27,0.00000000000000,0.00000000000000
2026-01-06 21:44:28,0.00270270270270,0.01883197984712
2026-01-06 21:44:29,0.00267379679144,0.01818127857287
2026-01-06 21:44:30,0.00537634408602,0.03803740054544
2026-01-06 21:44:31,0.00000000000000,0.00000000000000
2026-01-06 21:44:32,0.00284090909091,0.02140028642161
2026-01-06 21:44:33,0.00000000000000,0.00000000000000
2026-01-06 21:44:34,0.00268096514745,0.01844633324615
2026-01-06 21:44:35,0.00000000000000,0.00000000000000
2026-01-06 21:44:36,0.00257731958763,0.01760394343027
2026-01-06 21:44:37,0.00000000000000,0.00000000000000
2026-01-06 21:44:38,0.00263157894737,0.01793766744763
2026-01-06 21:44:39,0.00000000000000,0.00000000000000
2026-01-06 21:44:40,0.00526315789474,0.03636900670207
2026-01-06 21:44:41,0.00000000000000,0.00000000000000
2026-01-06 21:44:42,0.00000000000000,0.00000000000000
2026-01-06 21:44:43,0.00272479564033,0.01881164866752
2026-01-06 21:44:44,0.00000000000000,0.00000000000000
2026-01-06 21:44:45,0.00269541778976,0.01928164439068
2026-01-06 21:44:46,0.00000000000000,0.00000000000000
2026-01-06 21:44:47,0.00561797752809,0.04808470903055
2026-01-06 21:44:48,0.00000000000000,0.00000000000000
2026-01-06 21:44:49,0.00265251989390,0.01842379762501
2026-01-06 21:44:50,0.00000000000000,0.00000000000000
2026-01-06 21:44:51,0.00263852242744,0.01840318401654
2026-01-06 21:44:52,0.00000000000000,0.00000000000000
2026-01-06 21:44:53,0.00277008310249,0.02407067246192
2026-01-06 21:44:54,0.00263157894737,0.02049849338464
2026-01-06 21:44:55,0.00265251989390,0.01824172971565
2026-01-06 21:44:56,0.00000000000000,0.00000000000000
2026-01-06 21:44:57,0.00000000000000,0.00000000000000
2026-01-06 21:44:58,0.00264550264550,0.01849301584278
2026-01-06 21:44:59,0.00000000000000,0.00000000000000
2026-01-06 21:45:00,0.00261096605744,0.01789432850238
2026-01-06 21:45:01,0.00258397932817,0.01759969761673
2026-01-06 21:45:02,0.00000000000000,0.00000000000000
2026-01-06 21:45:03,0.00265251989390,0.02094107105314
2026-01-06 21:45:04,0.00000000000000,0.00000000000000
2026-01-06 21:45:05,0.00270270270270,0.01869948744180
2026-01-06 21:45:06,0.00000000000000,0.00000000000000
2026-01-06 21:45:07,0.00263852242744,0.01787415485849
2026-01-06 21:45:08,0.00000000000000,0.00000000000000
2026-01-06 21:45:09,0.00000000000000,0.00000000000000
2026-01-06 21:45:10,0.00529100529101,0.03638255108934
2026-01-06 21:45:11,0.00261780104712,0.01799217879454
2026-01-06 21:45:12,0.00000000000000,0.00000000000000
2026-01-06 21:45:13,0.00000000000000,0.00000000000000
2026-01-06 21:45:14,0.00256410256410,0.01717264779464
2026-01-06 21:45:15,0.00265251989390,0.01824172971565
2026-01-06 21:45:16,0.00000000000000,0.00000000000000
2026-01-06 21:45:17,0.00000000000000,0.00000000000000
2026-01-06 21:45:18,0.00261780104712,0.01808483649975
2026-01-06 21:45:19,0.00000000000000,0.00000000000000
2026-01-06 21:45:20,0.00261096605744,0.01789432850238
2026-01-06 21:45:21,0.00534759358289,0.05359666559469
2026-01-06 21:45:22,0.00000000000000,0.00000000000000
2026-01-06 21:45:23,0.00269541778976,0.02485021431709
2026-01-06 21:45:24,0.00000000000000,0.00000000000000
2026-01-06 21:45:25,0.00000000000000,0.00000000000000
2026-01-06 21:45:26,0.00000000000000,0.00000000000000
2026-01-06 21:45:27,0.00530503978780,0.03638380397972
2026-01-06 21:45:28,0.00000000000000,0.00000000000000
2026-01-06 21:45:29,0.00519480519481,0.03559451936412
2026-01-06 21:45:30,0.00256410256410,0.01729349504882
2026-01-06 21:45:31,0.00000000000000,0.00000000000000
2026-01-06 21:45:32,0.00000000000000,0.00000000000000
2026-01-06 21:45:33,0.00265957446809,0.01851691940391
2026-01-06 21:45:34,0.00263852242744,0.01823474295604
2026-01-06 21:45:35,0.00000000000000,0.00000000000000
2026-01-06 21:45:36,0.00000000000000,0.00000000000000
2026-01-06 21:45:37,0.00000000000000,0.00000000000000
2026-01-06 21:45:38,0.00519480519481,0.03480615761584
2026-01-06 21:45:39,0.00000000000000,0.00000000000000
2026-01-06 21:45:40,0.00524934383202,0.03588298764579
2026-01-06 21:45:41,0.00000000000000,0.00000000000000
2026-01-06 21:45:42,0.00000000000000,0.00000000000000
2026-01-06 21:45:43,0.00262467191601,0.02205624359863
2026-01-06 21:45:44,0.00000000000000,0.00000000000000
2026-01-06 21:45:45,0.00000000000000,0.00000000000000
2026-01-06 21:45:46,0.00262467191601,0.01799244713109
2026-01-06 21:45:47,0.00273224043716,0.02197083964079
2026-01-06 21:45:48,0.00283286118980,0.02361077204282
2026-01-06 21:45:49,0.00263852242744,0.01844181193051
2026-01-06 21:45:50,0.00263157894737,0.01788253469684
2026-01-06 21:45:51,0.00000000000000,0.00000000000000
2026-01-06 21:45:52,0.00275482093664,0.02342456782501
2026-01-06 21:45:53,0.00000000000000,0.00000000000000
2026-01-06 21:45:54,0.00520833333333,0.03819015923428
2026-01-06 21:45:55,0.00000000000000,0.00000000000000
2026-01-06 21:45:56,0.00259740259740,0.01769496909974
2026-01-06 21:45:57,0.00000000000000,0.00000000000000
2026-01-06 21:45:58,0.00000000000000,0.00000000000000
2026-01-06 21:45:59,0.00273224043716,0.02189045347255
2026-01-06 21:46:00,0.00555555555556,0.04233875334741
2026-01-06 21:46:01,0.00000000000000,0.00000000000000
2026-01-06 21:46:02,0.00269541778976,0.01844648294779
2026-01-06 21:46:03,0.00000000000000,0.00000000000000
2026-01-06 21:46:04,0.00261780104712,0.01789249215455
2026-01-06 21:46:05,0.00000000000000,0.00000000000000
2026-01-06 21:46:06,0.00283286118980,0.02561595458900
2026-01-06 21:46:07,0.00000000000000,0.00000000000000
2026-01-06 21:46:08,0.00271002710027,0.01870493820203
2026-01-06 21:46:09,0.00267379679144,0.01829206544481
2026-01-06 21:46:10,0.00268096514745,0.01927922179882
2026-01-06 21:46:11,0.00265957446809,0.02638457897497
2026-01-06 21:46:12,0.00000000000000,0.00000000000000
2026-01-06 21:46:13,0.00279329608939,0.02148295343859
2026-01-06 21:46:14,0.00264550264550,0.01819127554467
2026-01-06 21:46:15,0.00000000000000,0.00000000000000
2026-01-06 21:46:16,0.00000000000000,0.00000000000000
2026-01-06 21:46:17,0.00262467191601,0.01804154935802
2026-01-06 21:46:18,0.00000000000000,0.00000000000000
2026-01-06 21:46:19,0.00000000000000,0.00000000000000
2026-01-06 21:46:20,0.00531914893617,0.03604482538205
2026-01-06 21:46:21,0.00261096605744,0.01803540493314
2026-01-06 21:46:22,0.00000000000000,0.00000000000000
2026-01-06 21:46:23,0.00268096514745,0.01867314607245
2026-01-06 21:46:24,0.00000000000000,0.00000000000000
2026-01-06 21:46:25,0.00000000000000,0.00000000000000
2026-01-06 21:46:26,0.00268096514745,0.01879137525798
2026-01-06 21:46:27,0.00000000000000,0.00000000000000
2026-01-06 21:46:28,0.00550964187328,0.04046089127427
2026-01-06 21:46:29,0.00269541778976,0.02007702889474
2026-01-06 21:46:30,0.00544959128065,0.03911660622141
2026-01-06 21:46:31,0.00000000000000,0.00000000000000
2026-01-06 21:46:32,0.00000000000000,0.00000000000000
2026-01-06 21:46:33,0.00257731958763,0.01719962256046
2026-01-06 21:46:34,0.00264550264550,0.01841418549333
2026-01-06 21:46:35,0.00000000000000,0.00000000000000
2026-01-06 21:46:36,0.00000000000000,0.00000000000000
2026-01-06 21:46:37,0.00266666666667,0.01813080432494
2026-01-06 21:46:38,0.00000000000000,0.00000000000000
2026-01-06 21:46:39,0.00000000000000,0.00000000000000
2026-01-06 21:46:40,0.00527704485488,0.03608059250148
2026-01-06 21:46:41,0.00263852242744,0.01840318401654
2026-01-06 21:46:42,0.00264550264550,0.01841418549333
2026-01-06 21:46:43,0.00000000000000,0.00000000000000
2026-01-06 21:46:44,0.00266666666667,0.01848342662895
2026-01-06 21:46:45,0.00000000000000,0.00000000000000
2026-01-06 21:46:46,0.00272479564033,0.02109249136025
2026-01-06 21:46:47,0.00272479564033,0.02102089697423
2026-01-06 21:46:48,0.00000000000000,0.00000000000000
2026-01-06 21:46:49,0.00265957446809,0.01802241269102
2026-01-06 21:46:50,0.00263157894737,0.01804190540726
2026-01-06 21:46:51,0.00333333333333,0.02845100142480
2026-01-06 21:46:52,0.00285714285714,0.02328290342143
2026-01-06 21:46:53,0.00000000000000,0.00000000000000
2026-01-06 21:46:54,0.00264550264550,0.01809010132458
2026-01-06 21:46:55,0.00000000000000,0.00000000000000
2026-01-06 21:46:56,0.00263852242744,0.01781442056047
2026-01-06 21:46:57,0.00000000000000,0.00000000000000
2026-01-06 21:46:58,0.00000000000000,0.00000000000000
2026-01-06 21:46:59,0.00261780104712,0.01766928953104
2026-01-06 21:47:00,0.00523560209424,0.03533857906207
2026-01-06 21:47:01,0.00000000000000,0.00000000000000
2026-01-06 21:47:02,0.00000000000000,0.00000000000000
2026-01-06 21:47:03,0.00263157894737,0.01804190540726
2026-01-06 21:47:04,0.00261096605744,0.01784375401174
2026-01-06 21:47:05,0.00000000000000,0.00000000000000
2026-01-06 21:47:06,0.00271739130435,0.02547925267071
2026-01-06 21:47:07,0.00000000000000,0.00000000000000
2026-01-06 21:47:08,0.00265251989390,0.01819190198986
2026-01-06 21:47:09,0.00263852242744,0.01818877119420
2026-01-06 21:47:10,0.00262467191601,0.01777665100162
2026-01-06 21:47:11,0.00259067357513,0.01769909984154
2026-01-06 21:47:12,0.00000000000000,0.00000000000000
2026-01-06 21:47:13,0.00000000000000,0.00000000000000
2026-01-06 21:47:14,0.00000000000000,0.00000000000000
2026-01-06 21:47:15,0.00520833333333,0.03578846411882
2026-01-06 21:47:16,0.00000000000000,0.00000000000000
2026-01-06 21:47:17,0.00000000000000,0.00000000000000
2026-01-06 21:47:18,0.00272479564033,0.02020516232634
2026-01-06 21:47:19,0.00000000000000,0.00000000000000
2026-01-06 21:47:20,0.00268096514745,0.01817312562034
2026-01-06 21:47:21,0.00526315789474,0.03654272362072
2026-01-06 21:47:22,0.00000000000000,0.00000000000000
2026-01-06 21:47:23,0.00000000000000,0.00000000000000
2026-01-06 21:47:24,0.00260416666667,0.01789423205941
2026-01-06 21:47:25,0.00000000000000,0.00000000000000
2026-01-06 21:47:26,0.00265957446809,0.02795213007687
2026-01-06 21:47:27,0.00273972602740,0.02342412000000
2026-01-06 21:47:28,0.00265251989390,0.01814017855326
2026-01-06 21:47:29,0.00783289817232,0.05368298550714
2026-01-06 21:47:30,0.00000000000000,0.00000000000000
2026-01-06 21:47:31,0.00000000000000,0.00000000000000
2026-01-06 21:47:32,0.00259067357513,0.01797380322044
2026-01-06 21:47:33,0.00263157894737,0.01776578165748
2026-01-06 21:47:34,0.00000000000000,0.00000000000000
2026-01-06 21:47:35,0.00263157894737,0.01793766744763
2026-01-06 21:47:36,0.00000000000000,0.00000000000000
2026-01-06 21:47:37,0.00268817204301,0.02033806548909
2026-01-06 21:47:38,0.00000000000000,0.00000000000000
2026-01-06 21:47:39,0.00265957446809,0.01802241269102
2026-01-06 21:47:40,0.00000000000000,0.00000000000000
2026-01-06 21:47:41,0.00533333333333,0.03648231672327
2026-01-06 21:47:42,0.00000000000000,0.00000000000000
2026-01-06 21:47:43,0.00273972602740,0.02024359708354
2026-01-06 21:47:44,0.00000000000000,0.00000000000000
2026-01-06 21:47:45,0.00262467191601,0.01794149382290
2026-01-06 21:47:46,0.00000000000000,0.00000000000000
2026-01-06 21:47:47,0.00000000000000,0.00000000000000
2026-01-06 21:47:48,0.00265957446809,0.01834065304551
2026-01-06 21:47:49,0.00263157894737,0.01793766744763
2026-01-06 21:47:50,0.00266666666667,0.01856870921204
2026-01-06 21:47:51,0.00000000000000,0.00000000000000
2026-01-06 21:47:52,0.00000000000000,0.00000000000000
2026-01-06 21:47:53,0.00000000000000,0.00000000000000
2026-01-06 21:47:54,0.00265957446809,0.01802241269102
2026-01-06 21:47:55,0.00268817204301,0.01863964662553
2026-01-06 21:47:56,0.00000000000000,0.00000000000000
2026-01-06 21:47:57,0.00281690140845,0.02172929134237
2026-01-06 21:47:58,0.00000000000000,0.00000000000000
2026-01-06 21:47:59,0.00539083557951,0.03779548949205
2026-01-06 21:48:00,0.00000000000000,0.00000000000000
2026-01-06 21:48:01,0.00263157894737,0.01804190540726
2026-01-06 21:48:02,0.00000000000000,0.00000000000000
2026-01-06 21:48:03,0.00000000000000,0.00000000000000
2026-01-06 21:48:04,0.00261780104712,0.01812873127485
2026-01-06 21:48:05,0.00263852242744,0.01804029625074
2026-01-06 21:48:06,0.00000000000000,0.00000000000000
2026-01-06 21:48:07,0.00000000000000,0.00000000000000
2026-01-06 21:48:08,0.00264550264550,0.01837270899789
2026-01-06 21:48:09,0.00261780104712,0.01754431055579
2026-01-06 21:48:10,0.00000000000000,0.00000000000000
2026-01-06 21:48:11,0.00543478260870,0.04219671744297
2026-01-06 21:48:12,0.00000000000000,0.00000000000000
2026-01-06 21:48:13,0.00000000000000,0.00000000000000
2026-01-06 21:48:14,0.00000000000000,0.00000000000000
2026-01-06 21:48:15,0.00527704485488,0.03672647369892
2026-01-06 21:48:16,0.00000000000000,0.00000000000000
2026-01-06 21:48:17,0.00000000000000,0.00000000000000
2026-01-06 21:48:18,0.00264550264550,0.01828525626606
2026-01-06 21:48:19,0.00262467191601,0.01804154935802
2026-01-06 21:48:20,0.00263157894737,0.01804190540726
2026-01-06 21:48:21,0.00000000000000,0.00000000000000
2026-01-06 21:48:22,0.00000000000000,0.00000000000000
2026-01-06 21:48:23,0.00531914893617,0.03711452123355
2026-01-06 21:48:24,0.00000000000000,0.00000000000000
2026-01-06 21:48:25,0.00000000000000,0.00000000000000
2026-01-06 21:48:26,0.00265957446809,0.01834065304551
2026-01-06 21:48:28,0.00000000000000,0.00000000000000
2026-01-06 21:48:29,0.00533333333333,0.03878526754040
2026-01-06 21:48:30,0.00263157894737,0.01809118756049
2026-01-06 21:48:31,0.00000000000000,0.00000000000000
2026-01-06 21:48:32,0.00529100529101,0.03647824528815
2026-01-06 21:48:33,0.00000000000000,0.00000000000000
2026-01-06 21:48:34,0.00000000000000,0.00000000000000
2026-01-06 21:48:35,0.00000000000000,0.00000000000000
2026-01-06 21:48:36,0.00259740259740,0.01774705992274
2026-01-06 21:48:37,0.00263852242744,0.01809163252112
2026-01-06 21:48:38,0.00000000000000,0.00000000000000
2026-01-06 21:48:39,0.00259067357513,0.01809102237349
2026-01-06 21:48:40,0.00274725274725,0.02256871510774
2026-01-06 21:48:41,0.00274725274725,0.01927950758537
2026-01-06 21:48:42,0.00000000000000,0.00000000000000
2026-01-06 21:48:43,0.00000000000000,0.00000000000000
2026-01-06 21:48:44,0.00264550264550,0.01792330503249
2026-01-06 21:48:45,0.00000000000000,0.00000000000000
2026-01-06 21:48:46,0.00298507462687,0.02437056937733
2026-01-06 21:48:47,0.00271739130435,0.02314674484038
2026-01-06 21:48:48,0.00000000000000,0.00000000000000
2026-01-06 21:48:49,0.00267379679144,0.01849009128596
2026-01-06 21:48:50,0.00261096605744,0.01816217915421
2026-01-06 21:48:51,0.00000000000000,0.00000000000000
2026-01-06 21:48:52,0.00278551532033,0.02278572119470
2026-01-06 21:48:53,0.00000000000000,0.00000000000000
2026-01-06 21:48:54,0.00266666666667,0.01839183649415
2026-01-06 21:48:55,0.00000000000000,0.00000000000000
2026-01-06 21:48:56,0.00263852242744,0.01781442056047
2026-01-06 21:48:57,0.00000000000000,0.00000000000000
2026-01-06 21:48:58,0.00263852242744,0.01818877119420
2026-01-06 21:48:59,0.00000000000000,0.00000000000000
2026-01-06 21:49:00,0.00265251989390,0.01824172971565
2026-01-06 21:49:01,0.00259067357513,0.01741910869819
2026-01-06 21:49:02,0.00262467191601,0.01808888473263
2026-01-06 21:49:03,0.00000000000000,0.00000000000000
2026-01-06 21:49:04,0.00000000000000,0.00000000000000
2026-01-06 21:49:05,0.00264550264550,0.01819127554467
2026-01-06 21:49:06,0.00000000000000,0.00000000000000
2026-01-06 21:49:07,0.00000000000000,0.00000000000000
2026-01-06 21:49:08,0.00564971751412,0.04472569203089
2026-01-06 21:49:09,0.00263157894737,0.01809118756049
2026-01-06 21:49:10,0.00261096605744,0.01773677549970
2026-01-06 21:49:11,0.00000000000000,0.00000000000000
2026-01-06 21:49:12,0.00000000000000,0.00000000000000
2026-01-06 21:49:13,0.00540540540541,0.04313452487099
2026-01-06 21:49:14,0.00000000000000,0.00000000000000
2026-01-06 21:49:15,0.00000000000000,0.00000000000000
2026-01-06 21:49:16,0.00000000000000,0.00000000000000
2026-01-06 21:49:17,0.00520833333333,0.03463231342916
2026-01-06 21:49:18,0.00000000000000,0.00000000000000
2026-01-06 21:49:19,0.00000000000000,0.00000000000000
2026-01-06 21:49:20,0.00526315789474,0.03598152227948
2026-01-06 21:49:21,0.00000000000000,0.00000000000000
2026-01-06 21:49:22,0.00259740259740,0.01774705992274
2026-01-06 21:49:23,0.00000000000000,0.00000000000000
2026-01-06 21:49:24,0.00000000000000,0.00000000000000
2026-01-06 21:49:25,0.00264550264550,0.01828525626606
2026-01-06 21:49:26,0.00000000000000,0.00000000000000
2026-01-06 21:49:27,0.00000000000000,0.00000000000000
2026-01-06 21:49:28,0.00000000000000,0.00000000000000
2026-01-06 21:49:29,0.00522193211488,0.03428157098165
2026-01-06 21:49:30,0.00523560209424,0.03533857906207
2026-01-06 21:49:31,0.00000000000000,0.00000000000000
2026-01-06 21:49:32,0.00266666666667,0.01882628801861
2026-01-06 21:49:33,0.00000000000000,0.00000000000000
2026-01-06 21:49:34,0.00000000000000,0.00000000000000
2026-01-06 21:49:35,0.00263852242744,0.01768783826778
2026-01-06 21:49:36,0.00000000000000,0.00000000000000
2026-01-06 21:49:37,0.00319488817891,0.02456243424414
2026-01-06 21:49:38,0.00278551532033,0.02096918109632
2026-01-06 21:49:39,0.00271739130435,0.02040125106861
2026-01-06 21:49:40,0.00269541778976,0.02283610128908
2026-01-06 21:49:41,0.00000000000000,0.00000000000000
2026-01-06 21:49:42,0.00263157894737,0.02479759966576
2026-01-06 21:49:43,0.00000000000000,0.00000000000000
2026-01-06 21:49:44,0.00000000000000,0.00000000000000
2026-01-06 21:49:45,0.00271002710027,0.01921352268799
2026-01-06 21:49:46,0.00261096605744,0.01812138311038
2026-01-06 21:49:47,0.00000000000000,0.00000000000000
2026-01-06 21:49:48,0.00000000000000,0.00000000000000
2026-01-06 21:49:49,0.00267379679144,0.01870064838392
2026-01-06 21:49:50,0.00539083557951,0.03763950593771
2026-01-06 21:49:51,0.00000000000000,0.00000000000000
2026-01-06 21:49:52,0.00000000000000,0.00000000000000
2026-01-06 21:49:53,0.00271739130435,0.01978487750456
2026-01-06 21:49:54,0.00000000000000,0.00000000000000
2026-01-06 21:49:55,0.00272479564033,0.02001980699611
2026-01-06 21:49:56,0.00275482093664,0.02090482911765
2026-01-06 21:49:57,0.00000000000000,0.00000000000000
2026-01-06 21:49:58,0.00266666666667,0.01839183649415
2026-01-06 21:49:59,0.00000000000000,0.00000000000000
2026-01-06 21:50:00,0.00265251989390,0.01868809944168
2026-01-06 21:50:01,0.00273224043716,0.02584726545445
2026-01-06 21:50:02,0.00271002710027,0.02489564992400
2026-01-06 21:50:03,0.00270270270270,0.01994821254354
2026-01-06 21:50:04,0.00000000000000,0.00000000000000
2026-01-06 21:50:05,0.00000000000000,0.00000000000000
2026-01-06 21:50:06,0.00262467191601,0.01799244713109
2026-01-06 21:50:07,0.00000000000000,0.00000000000000
2026-01-06 21:50:08,0.00266666666667,0.01987009911837
2026-01-06 21:50:09,0.00270270270270,0.02039931254790
2026-01-06 21:50:10,0.00549450549451,0.04266203321205
2026-01-06 21:50:11,0.00000000000000,0.00000000000000
2026-01-06 21:50:12,0.00000000000000,0.00000000000000
2026-01-06 21:50:13,0.00261780104712,0.01766928953104
2026-01-06 21:50:14,0.00263157894737,0.01856608491825
2026-01-06 21:50:15,0.00000000000000,0.00000000000000
2026-01-06 21:50:16,0.00000000000000,0.00000000000000
2026-01-06 21:50:17,0.00263157894737,0.01818450335103
2026-01-06 21:50:18,0.00000000000000,0.00000000000000
2026-01-06 21:50:19,0.00264550264550,0.01828525626606
2026-01-06 21:50:20,0.00258397932817,0.01807842276243
2026-01-06 21:50:21,0.00262467191601,0.01788860294330
2026-01-06 21:50:22,0.00000000000000,0.00000000000000
2026-01-06 21:50:23,0.00000000000000,0.00000000000000
2026-01-06 21:50:24,0.00264550264550,0.01823912264408
2026-01-06 21:50:25,0.00265957446809,0.01819053015241
2026-01-06 21:50:26,0.00000000000000,0.00000000000000
2026-01-06 21:50:27,0.00000000000000,0.00000000000000
2026-01-06 21:50:28,0.00280898876404,0.02379079460797
2026-01-06 21:50:29,0.00273972602740,0.01969852152423
2026-01-06 21:50:30,0.00543478260870,0.03779291936416
2026-01-06 21:50:31,0.00263852242744,0.01827909213492
2026-01-06 21:50:32,0.00000000000000,0.00000000000000
2026-01-06 21:50:33,0.00281690140845,0.02249802020219
2026-01-06 21:50:34,0.00272479564033,0.02109249136025
2026-01-06 21:50:35,0.00000000000000,0.00000000000000
2026-01-06 21:50:36,0.00000000000000,0.00000000000000
2026-01-06 21:50:37,0.00268817204301,0.01863964662553
2026-01-06 21:50:38,0.00000000000000,0.00000000000000
2026-01-06 21:50:39,0.00261780104712,0.01817110663483
2026-01-06 21:50:40,0.00261780104712,0.01803934536588
2026-01-06 21:50:41,0.00261780104712,0.01766928953104
2026-01-06 21:50:42,0.00264550264550,0.01766885299614
2026-01-06 21:50:43,0.00000000000000,0.00000000000000
2026-01-06 21:50:44,0.00000000000000,0.00000000000000
2026-01-06 21:50:45,0.00000000000000,0.00000000000000
2026-01-06 21:50:46,0.00534759358289,0.03715750150593
2026-01-06 21:50:47,0.00000000000000,0.00000000000000
2026-01-06 21:50:48,0.00000000000000,0.00000000000000
2026-01-06 21:50:49,0.00262467191601,0.01808888473263
2026-01-06 21:50:50,0.00273972602740,0.01983013893501
2026-01-06 21:50:51,0.00277008310249,0.02027153130133
2026-01-06 21:50:52,0.00271002710027,0.02191443258693
2026-01-06 21:50:53,0.00262467191601,0.01813453525615
2026-01-06 21:50:54,0.00000000000000,0.00000000000000
2026-01-06 21:50:55,0.00000000000000,0.00000000000000
2026-01-06 21:50:56,0.00265251989390,0.01814017855326
2026-01-06 21:50:57,0.00000000000000,0.00000000000000
2026-01-06 21:50:58,0.00542005420054,0.03975603526093
2026-01-06 21:50:59,0.00000000000000,0.00000000000000
2026-01-06 21:51:00,0.00268817204301,0.02189694855332
2026-01-06 21:51:01,0.00000000000000,0.00000000000000
2026-01-06 21:51:02,0.00279329608939,0.02354182191368
2026-01-06 21:51:03,0.00000000000000,0.00000000000000
2026-01-06 21:51:04,0.00272479564033,0.02181871944974
2026-01-06 21:51:05,0.00261096605744,0.02389097236981
2026-01-06 21:51:06,0.00000000000000,0.00000000000000
2026-01-06 21:51:07,0.00000000000000,0.00000000000000
2026-01-06 21:51:08,0.00271002710027,0.02159820952434
2026-01-06 21:51:09,0.00000000000000,0.00000000000000
2026-01-06 21:51:10,0.00557103064067,0.04633321766807
2026-01-06 21:51:11,0.00000000000000,0.00000000000000
2026-01-06 21:51:12,0.00000000000000,0.00000000000000
2026-01-06 21:51:13,0.00278551532033,0.02299754889619
2026-01-06 21:51:14,0.00000000000000,0.00000000000000
2026-01-06 21:51:15,0.00261096605744,0.02620578681289
2026-01-06 21:51:16,0.00000000000000,0.00000000000000
2026-01-06 21:51:17,0.00270270270270,0.02287392421449
2026-01-06 21:51:18,0.00000000000000,0.00000000000000
2026-01-06 21:51:19,0.00000000000000,0.00000000000000
2026-01-06 21:51:20,0.00561797752809,0.04783389790388
2026-01-06 21:51:21,0.00278551532033,0.02370932529811
2026-01-06 21:51:22,0.00000000000000,0.00000000000000
2026-01-06 21:51:23,0.00000000000000,0.00000000000000
2026-01-06 21:51:24,0.00269541778976,0.02165342971025
2026-01-06 21:51:25,0.00000000000000,0.00000000000000
2026-01-06 21:51:26,0.00000000000000,0.00000000000000
2026-01-06 21:51:27,0.00277777777778,0.02488557382903
2026-01-06 21:51:28,0.00265957446809,0.02253467090978
2026-01-06 21:51:29,0.00000000000000,0.00000000000000
2026-01-06 21:51:30,0.00560224089636,0.04873945734125
2026-01-06 21:51:31,0.00272479564033,0.02431657147270
2026-01-06 21:51:32,0.00000000000000,0.00000000000000
2026-01-06 21:51:33,0.00258397932817,0.02945828596932
2026-01-06 21:51:34,0.00000000000000,0.00000000000000
2026-01-06 21:51:35,0.00000000000000,0.00000000000000
2026-01-06 21:51:36,0.00000000000000,0.00000000000000
2026-01-06 21:51:37,0.00265957446809,0.01813661377038
2026-01-06 21:51:38,0.00000000000000,0.00000000000000
2026-01-06 21:51:39,0.00524934383202,0.03543481069963
2026-01-06 21:51:40,0.00000000000000,0.00000000000000
2026-01-06 21:51:41,0.00519480519481,0.03569130336243
2026-01-06 21:51:42,0.00000000000000,0.00000000000000
2026-01-06 21:51:43,0.00000000000000,0.00000000000000
2026-01-06 21:51:44,0.00263157894737,0.01809118756049
2026-01-06 21:51:45,0.00000000000000,0.00000000000000
2026-01-06 21:51:46,0.00000000000000,0.00000000000000
2026-01-06 21:51:47,0.00270270270270,0.01844334299112
2026-01-06 21:51:48,0.00263852242744,0.01809163252112
2026-01-06 21:51:49,0.00000000000000,0.00000000000000
2026-01-06 21:51:50,0.00294985250737,0.02081679167524
2026-01-06 21:51:51,0.00000000000000,0.00000000000000
2026-01-06 21:51:52,0.00271739130435,0.02202683281477
2026-01-06 21:51:53,0.00000000000000,0.00000000000000
2026-01-06 21:51:54,0.00276243093923,0.02005623968268
2026-01-06 21:51:55,0.00000000000000,0.00000000000000
2026-01-06 21:51:56,0.00000000000000,0.00000000000000
2026-01-06 21:51:57,0.00262467191601,0.01851488695817
2026-01-06 21:51:58,0.00000000000000,0.00000000000000
2026-01-06 21:51:59,0.00265251989390,0.01814017855326
2026-01-06 21:52:00,0.00258397932817,0.01759969761673
2026-01-06 21:52:01,0.00529100529101,0.03584661006498
2026-01-06 21:52:02,0.00000000000000,0.00000000000000
2026-01-06 21:52:03,0.00270270270270,0.01895137297997
2026-01-06 21:52:04,0.00000000000000,0.00000000000000
2026-01-06 21:52:05,0.00271739130435,0.01973478208428
2026-01-06 21:52:06,0.00265957446809,0.02253467090978
2026-01-06 21:52:07,0.00000000000000,0.00000000000000
2026-01-06 21:52:08,0.00000000000000,0.00000000000000
2026-01-06 21:52:09,0.00000000000000,0.00000000000000
2026-01-06 21:52:10,0.00527704485488,0.03637754238841
2026-01-06 21:52:11,0.00263852242744,0.01781442056047
2026-01-06 21:52:12,0.00000000000000,0.00000000000000
2026-01-06 21:52:13,0.00261096605744,0.01789432850238
2026-01-06 21:52:14,0.00000000000000,0.00000000000000
2026-01-06 21:52:15,0.00000000000000,0.00000000000000
2026-01-06 21:52:16,0.00270270270270,0.01895137297997
2026-01-06 21:52:17,0.00264550264550,0.01809010132458
2026-01-06 21:52:18,0.00000000000000,0.00000000000000
2026-01-06 21:52:19,0.00000000000000,0.00000000000000
2026-01-06 21:52:20,0.00526315789474,0.03699841458170
2026-01-06 21:52:21,0.00000000000000,0.00000000000000
2026-01-06 21:52:22,0.00282485875706,0.02450523462274
2026-01-06 21:52:23,0.00000000000000,0.00000000000000
2026-01-06 21:52:24,0.00533333333333,0.03705363242522
2026-01-06 21:52:25,0.00000000000000,0.00000000000000
2026-01-06 21:52:26,0.00000000000000,0.00000000000000
2026-01-06 21:52:27,0.00273224043716,0.02084411203936
2026-01-06 21:52:28,0.00543478260870,0.03731402715059
2026-01-06 21:52:29,0.00264550264550,0.01798103108865
2026-01-06 21:52:30,0.00527704485488,0.03710095077689
2026-01-06 21:52:31,0.00000000000000,0.00000000000000
2026-01-06 21:52:32,0.00262467191601,0.01752543179503
2026-01-06 21:52:33,0.00000000000000,0.00000000000000
2026-01-06 21:52:34,0.00262467191601,0.01771740534981
2026-01-06 21:52:35,0.00000000000000,0.00000000000000
2026-01-06 21:52:36,0.00262467191601,0.01783368570738
2026-01-06 21:52:37,0.00000000000000,0.00000000000000
2026-01-06 21:52:38,0.00266666666667,0.01843846073068
2026-01-06 21:52:39,0.00264550264550,0.01814163064881
2026-01-06 21:52:40,0.00000000000000,0.00000000000000
2026-01-06 21:52:41,0.00280898876404,0.02357889082702
2026-01-06 21:52:42,0.00277008310249,0.02103521769557
2026-01-06 21:52:43,0.00000000000000,0.00000000000000
2026-01-06 21:52:44,0.00264550264550,0.01837270899789
2026-01-06 21:52:45,0.00000000000000,0.00000000000000
2026-01-06 21:52:46,0.00000000000000,0.00000000000000
2026-01-06 21:52:47,0.00262467191601,0.01804154935802
2026-01-06 21:52:48,0.00000000000000,0.00000000000000
2026-01-06 21:52:49,0.00000000000000,0.00000000000000
2026-01-06 21:52:50,0.00522193211488,0.03524286423410
2026-01-06 21:52:51,0.00261096605744,0.01827665468721
2026-01-06 21:52:52,0.00000000000000,0.00000000000000
2026-01-06 21:52:53,0.00000000000000,0.00000000000000
2026-01-06 21:52:54,0.00000000000000,0.00000000000000
2026-01-06 21:52:55,0.00261780104712,0.01808483649975
2026-01-06 21:52:56,0.00265251989390,0.01838070147008
2026-01-06 21:52:57,0.00277777777778,0.02043830642484
2026-01-06 21:52:58,0.00274725274725,0.01967240017915
2026-01-06 21:52:59,0.00000000000000,0.00000000000000
2026-01-06 21:53:00,0.00282485875706,0.02339812231519
2026-01-06 21:53:01,0.00278551532033,0.02329290704513
2026-01-06 21:53:02,0.00000000000000,0.00000000000000
2026-01-06 21:53:03,0.00000000000000,0.00000000000000
2026-01-06 21:53:04,0.00000000000000,0.00000000000000
2026-01-06 21:53:05,0.00568181818182,0.04885381593815
2026-01-06 21:53:06,0.00000000000000,0.00000000000000
2026-01-06 21:53:07,0.00000000000000,0.00000000000000
2026-01-06 21:53:08,0.00000000000000,0.00000000000000
2026-01-06 21:53:09,0.00280112044818,0.02091148625627
2026-01-06 21:53:10,0.00280898876404,0.02349359828968
2026-01-06 21:53:11,0.00000000000000,0.00000000000000
2026-01-06 21:53:12,0.00275482093664,0.02429984625680
2026-01-06 21:53:13,0.00000000000000,0.00000000000000
2026-01-06 21:53:14,0.00269541778976,0.01961485523526
2026-01-06 21:53:15,0.00000000000000,0.00000000000000
2026-01-06 21:53:16,0.00000000000000,0.00000000000000
2026-01-06 21:53:17,0.00271002710027,0.02368527302193
2026-01-06 21:53:18,0.00000000000000,0.00000000000000
2026-01-06 21:53:19,0.00282485875706,0.02070045538831
2026-01-06 21:53:20,0.00276243093923,0.02280510590582
2026-01-06 21:53:21,0.00276243093923,0.02317813152476
2026-01-06 21:53:22,0.00000000000000,0.00000000000000
2026-01-06 21:53:23,0.00000000000000,0.00000000000000
2026-01-06 21:53:24,0.00276243093923,0.02045275171759
2026-01-06 21:53:25,0.00000000000000,0.00000000000000
2026-01-06 21:53:26,0.00000000000000,0.00000000000000
2026-01-06 21:53:27,0.00276243093923,0.02374734395556
2026-01-06 21:53:28,0.00000000000000,0.00000000000000
2026-01-06 21:53:29,0.00000000000000,0.00000000000000
2026-01-06 21:53:30,0.00549450549451,0.04684923724524
2026-01-06 21:53:31,0.00000000000000,0.00000000000000
2026-01-06 21:53:32,0.00550964187328,0.04741078881492
2026-01-06 21:53:33,0.00000000000000,0.00000000000000
2026-01-06 21:53:34,0.00000000000000,0.00000000000000
2026-01-06 21:53:35,0.00000000000000,0.00000000000000
2026-01-06 21:53:36,0.00269541778976,0.02204827472317
2026-01-06 21:53:37,0.00272479564033,0.02411994748845
2026-01-06 21:53:38,0.00000000000000,0.00000000000000
2026-01-06 21:53:39,0.00000000000000,0.00000000000000
2026-01-06 21:53:40,0.00271739130435,0.02298926864789
2026-01-06 21:53:41,0.00277008310249,0.02288284850595
2026-01-06 21:53:42,0.00000000000000,0.00000000000000
2026-01-06 21:53:43,0.00000000000000,0.00000000000000
2026-01-06 21:53:44,0.00280898876404,0.02088569972981
2026-01-06 21:53:45,0.00000000000000,0.00000000000000
2026-01-06 21:53:46,0.00547945205479,0.04555884407873
2026-01-06 21:53:47,0.00000000000000,0.00000000000000
2026-01-06 21:53:48,0.00000000000000,0.00000000000000
2026-01-06 21:53:49,0.00000000000000,0.00000000000000
2026-01-06 21:53:50,0.00274725274725,0.02273347192685
2026-01-06 21:53:51,0.00000000000000,0.00000000000000
2026-01-06 21:53:52,0.00275482093664,0.02398321375630
2026-01-06 21:53:53,0.00000000000000,0.00000000000000
2026-01-06 21:53:54,0.00273224043716,0.02023778955463
2026-01-06 21:53:55,0.00000000000000,0.00000000000000
2026-01-06 21:53:56,0.00278551532033,0.02391454829233
2026-01-06 21:53:57,0.00000000000000,0.00000000000000
2026-01-06 21:53:58,0.00274725274725,0.02107792693695
2026-01-06 21:53:59,0.00000000000000,0.00000000000000
2026-01-06 21:54:00,0.00270270270270,0.01891289955784
2026-01-06 21:54:01,0.00261780104712,0.01843122026640
2026-01-06 21:54:02,0.00259067357513,0.01747938979198
2026-01-06 21:54:03,0.00000000000000,0.00000000000000
2026-01-06 21:54:04,0.00000000000000,0.00000000000000
2026-01-06 21:54:05,0.00268817204301,0.01868348196341
2026-01-06 21:54:06,0.00000000000000,0.00000000000000
2026-01-06 21:54:07,0.00000000000000,0.00000000000000
2026-01-06 21:54:08,0.00263852242744,0.01814109556174
2026-01-06 21:54:09,0.00000000000000,0.00000000000000
2026-01-06 21:54:10,0.00520833333333,0.03622517614292
2026-01-06 21:54:11,0.00265251989390,0.01838070147008
2026-01-06 21:54:12,0.00000000000000,0.00000000000000
2026-01-06 21:54:13,0.00000000000000,0.00000000000000
2026-01-06 21:54:14,0.00259740259740,0.01774705992274
2026-01-06 21:54:15,0.00000000000000,0.00000000000000
2026-01-06 21:54:16,0.00268817204301,0.01917081095549
2026-01-06 21:54:17,0.00000000000000,0.00000000000000
2026-01-06 21:54:18,0.00261780104712,0.01794325553956
2026-01-06 21:54:19,0.00000000000000,0.00000000000000
2026-01-06 21:54:20,0.00534759358289,0.03715750150593
2026-01-06 21:54:21,0.00000000000000,0.00000000000000
2026-01-06 21:54:23,0.00000000000000,0.00000000000000
2026-01-06 21:54:24,0.00542005420054,0.03822800755331
2026-01-06 21:54:25,0.00000000000000,0.00000000000000
2026-01-06 21:54:26,0.00000000000000,0.00000000000000
2026-01-06 21:54:27,0.00263157894737,0.01822870029628
2026-01-06 21:54:28,0.00000000000000,0.00000000000000
2026-01-06 21:54:29,0.00261096605744,0.01756039289839
2026-01-06 21:54:30,0.00527704485488,0.03628219112348
2026-01-06 21:54:31,0.00264550264550,0.01828525626606
2026-01-06 21:54:32,0.00000000000000,0.00000000000000
2026-01-06 21:54:33,0.00000000000000,0.00000000000000
2026-01-06 21:54:34,0.00265251989390,0.01850562146315
2026-01-06 21:54:35,0.00000000000000,0.00000000000000
2026-01-06 21:54:36,0.00000000000000,0.00000000000000
2026-01-06 21:54:37,0.00264550264550,0.01780098982890
2026-01-06 21:54:38,0.00000000000000,0.00000000000000
2026-01-06 21:54:39,0.00265251989390,0.01842379762501
2026-01-06 21:54:40,0.00277777777778,0.02370916785400
2026-01-06 21:54:41,0.00555555555556,0.04482864059338
2026-01-06 21:54:42,0.00000000000000,0.00000000000000
2026-01-06 21:54:43,0.00269541778976,0.01839151182764
2026-01-06 21:54:44,0.00000000000000,0.00000000000000
2026-01-06 21:54:45,0.00000000000000,0.00000000000000
2026-01-06 21:54:46,0.00557103064067,0.04133342835136
2026-01-06 21:54:47,0.00000000000000,0.00000000000000
2026-01-06 21:54:48,0.00000000000000,0.00000000000000
2026-01-06 21:54:49,0.00263157894737,0.01799076113974
2026-01-06 21:54:50,0.00259740259740,0.01798078207021
2026-01-06 21:54:51,0.00262467191601,0.01765585287882
2026-01-06 21:54:52,0.00000000000000,0.00000000000000
2026-01-06 21:54:53,0.00261096605744,0.01768019497476
2026-01-06 21:54:54,0.00000000000000,0.00000000000000
2026-01-06 21:54:55,0.00264550264550,0.01819127554467
2026-01-06 21:54:56,0.00000000000000,0.00000000000000
2026-01-06 21:54:57,0.00000000000000,0.00000000000000
2026-01-06 21:54:58,0.00264550264550,0.01860202243057
2026-01-06 21:54:59,0.00000000000000,0.00000000000000
2026-01-06 21:55:00,0.00529100529101,0.03647824528815
2026-01-06 21:55:01,0.00273224043716,0.01961464451944
2026-01-06 21:55:02,0.00264550264550,0.01853051413318
2026-01-06 21:55:03,0.00000000000000,0.00000000000000
2026-01-06 21:55:04,0.00000000000000,0.00000000000000
2026-01-06 21:55:05,0.00261096605744,0.01743109737933
2026-01-06 21:55:06,0.00265957446809,0.02115599075738
2026-01-06 21:55:07,0.00000000000000,0.00000000000000
2026-01-06 21:55:08,0.00000000000000,0.00000000000000
2026-01-06 21:55:09,0.00555555555556,0.04061078024918
2026-01-06 21:55:10,0.00000000000000,0.00000000000000
2026-01-06 21:55:11,0.00266666666667,0.01818703340514
2026-01-06 21:55:12,0.00000000000000,0.00000000000000
2026-01-06 21:55:13,0.00280898876404,0.02177335622139
2026-01-06 21:55:14,0.00274725274725,0.02011890000613
2026-01-06 21:55:15,0.00000000000000,0.00000000000000
2026-01-06 21:55:16,0.00269541778976,0.01859941221964
2026-01-06 21:55:17,0.00000000000000,0.00000000000000
2026-01-06 21:55:18,0.00271002710027,0.01936357650584
2026-01-06 21:55:19,0.00277777777778,0.02145616267807
2026-01-06 21:55:20,0.00557103064067,0.04057347303720
2026-01-06 21:55:21,0.00000000000000,0.00000000000000
2026-01-06 21:55:22,0.00000000000000,0.00000000000000
2026-01-06 21:55:23,0.00265957446809,0.01867054580824
2026-01-06 21:55:24,0.00000000000000,0.00000000000000
2026-01-06 21:55:25,0.00280898876404,0.02319326705759
2026-01-06 21:55:26,0.00277777777778,0.02035814116856
2026-01-06 21:55:27,0.00000000000000,0.00000000000000
2026-01-06 21:55:28,0.00263852242744,0.01809163252112
2026-01-06 21:55:29,0.00000000000000,0.00000000000000
2026-01-06 21:55:30,0.00795755968170,0.05756201043054
2026-01-06 21:55:31,0.00000000000000,0.00000000000000
2026-01-06 21:55:32,0.00000000000000,0.00000000000000
2026-01-06 21:55:33,0.00273972602740,0.02108222453735
2026-01-06 21:55:34,0.00000000000000,0.00000000000000
2026-01-06 21:55:35,0.00546448087432,0.04136044410089
2026-01-06 21:55:36,0.00000000000000,0.00000000000000
2026-01-06 21:55:37,0.00000000000000,0.00000000000000
2026-01-06 21:55:38,0.00000000000000,0.00000000000000
2026-01-06 21:55:39,0.00262467191601,0.01799244713109
2026-01-06 21:55:40,0.00524934383202,0.03577720588659
2026-01-06 21:55:41,0.00000000000000,0.00000000000000
2026-01-06 21:55:42,0.00260416666667,0.01774298811968
2026-01-06 21:55:43,0.00000000000000,0.00000000000000
2026-01-06 21:55:44,0.00000000000000,0.00000000000000
2026-01-06 21:55:45,0.00262467191601,0.01844821590031
2026-01-06 21:55:46,0.00268817204301,0.01876667378386
2026-01-06 21:55:47,0.00000000000000,0.00000000000000
2026-01-06 21:55:48,0.00000000000000,0.00000000000000
2026-01-06 21:55:49,0.00266666666667,0.01872283170518
2026-01-06 21:55:50,0.00264550264550,0.01819127554467
2026-01-06 21:55:51,0.00000000000000,0.00000000000000
2026-01-06 21:55:52,0.00282485875706,0.02844740392907
2026-01-06 21:55:53,0.00277008310249,0.02188916635407
2026-01-06 21:55:54,0.00000000000000,0.00000000000000
2026-01-06 21:55:55,0.00265251989390,0.01803068281644
2026-01-06 21:55:56,0.00269541778976,0.01907258650317
2026-01-06 21:55:57,0.00000000000000,0.00000000000000
2026-01-06 21:55:58,0.00282485875706,0.02244693772347
2026-01-06 21:55:59,0.00000000000000,0.00000000000000
2026-01-06 21:56:00,0.00523560209424,0.03521598895646
2026-01-06 21:56:01,0.00000000000000,0.00000000000000
2026-01-06 21:56:02,0.00261096605744,0.01779126538296
2026-01-06 21:56:03,0.00000000000000,0.00000000000000
2026-01-06 21:56:04,0.00259067357513,0.01741910869819
2026-01-06 21:56:05,0.00261780104712,0.01766928953104
2026-01-06 21:56:06,0.00000000000000,0.00000000000000
2026-01-06 21:56:07,0.00000000000000,0.00000000000000
2026-01-06 21:56:08,0.00270270270270,0.01927988409469
2026-01-06 21:56:09,0.00000000000000,0.00000000000000
2026-01-06 21:56:10,0.00263157894737,0.01818450335103
2026-01-06 21:56:11,0.00268096514745,0.01844633324615
2026-01-06 21:56:12,0.00000000000000,0.00000000000000
2026-01-06 21:56:13,0.00282485875706,0.02253170289886
2026-01-06 21:56:14,0.00268817204301,0.01872579781554
2026-01-06 21:56:15,0.00268817204301,0.01849819229613
2026-01-06 21:56:16,0.00000000000000,0.00000000000000
2026-01-06 21:56:17,0.00000000000000,0.00000000000000
2026-01-06 21:56:18,0.00265251989390,0.01771718026750
2026-01-06 21:56:19,0.00000000000000,0.00000000000000
2026-01-06 21:56:20,0.00518134715026,0.03495877958397
2026-01-06 21:56:21,0.00000000000000,0.00000000000000
2026-01-06 21:56:22,0.00264550264550,0.01910942097699
2026-01-06 21:56:23,0.00000000000000,0.00000000000000
2026-01-06 21:56:24,0.00268817204301,0.01872579781554
2026-01-06 21:56:25,0.00000000000000,0.00000000000000
2026-01-06 21:56:26,0.00268096514745,0.01849505131310
2026-01-06 21:56:27,0.00000000000000,0.00000000000000
2026-01-06 21:56:28,0.00264550264550,0.01845426335098
2026-01-06 21:56:29,0.00263852242744,0.01798699861046
2026-01-06 21:56:30,0.00625000000000,0.04763109751583
2026-01-06 21:56:31,0.00289017341040,0.02522045685011
2026-01-06 21:56:32,0.00275482093664,0.02050414099295
2026-01-06 21:56:33,0.00000000000000,0.00000000000000
2026-01-06 21:56:34,0.00262467191601,0.01794149382290
2026-01-06 21:56:35,0.00000000000000,0.00000000000000
2026-01-06 21:56:36,0.00000000000000,0.00000000000000
2026-01-06 21:56:37,0.00269541778976,0.02666184027037
2026-01-06 21:56:38,0.00279329608939,0.02119979162661
2026-01-06 21:56:39,0.00270270270270,0.01869948744180
2026-01-06 21:56:40,0.00262467191601,0.01826216501208
2026-01-06 21:56:41,0.00000000000000,0.00000000000000
2026-01-06 21:56:42,0.00257731958763,0.01749899858756
2026-01-06 21:56:43,0.00000000000000,0.00000000000000
2026-01-06 21:56:44,0.00260416666667,0.01751304609000
2026-01-06 21:56:45,0.00259740259740,0.01758477010169
2026-01-06 21:56:46,0.00000000000000,0.00000000000000
2026-01-06 21:56:47,0.00000000000000,0.00000000000000
2026-01-06 21:56:48,0.00000000000000,0.00000000000000
2026-01-06 21:56:49,0.00526315789474,0.03645740059257
2026-01-06 21:56:50,0.00261096605744,0.01803540493314
2026-01-06 21:56:51,0.00000000000000,0.00000000000000
2026-01-06 21:56:52,0.00261780104712,0.01783980296001
2026-01-06 21:56:53,0.00000000000000,0.00000000000000
2026-01-06 21:56:54,0.00000000000000,0.00000000000000
2026-01-06 21:56:55,0.00259740259740,0.01726991956800
2026-01-06 21:56:56,0.00270270270270,0.01869948744180
2026-01-06 21:56:57,0.00000000000000,0.00000000000000
2026-01-06 21:56:58,0.00000000000000,0.00000000000000
2026-01-06 21:56:59,0.00265957446809,0.01855726061678
2026-01-06 21:57:00,0.00261096605744,0.01803540493314
2026-01-06 21:57:01,0.00265251989390,0.01814017855326
2026-01-06 21:57:02,0.00000000000000,0.00000000000000
2026-01-06 21:57:03,0.00260416666667,0.01763235467248
2026-01-06 21:57:04,0.00258397932817,0.01749036005623
2026-01-06 21:57:05,0.00000000000000,0.00000000000000
2026-01-06 21:57:06,0.00265251989390,0.01872135499510
2026-01-06 21:57:07,0.00000000000000,0.00000000000000
2026-01-06 21:57:08,0.00000000000000,0.00000000000000
2026-01-06 21:57:09,0.00000000000000,0.00000000000000
2026-01-06 21:57:10,0.00536193029491,0.03726194377140
2026-01-06 21:57:11,0.00273224043716,0.02361912211942
2026-01-06 21:57:12,0.00000000000000,0.00000000000000
2026-01-06 21:57:13,0.00534759358289,0.03740129676784
2026-01-06 21:57:14,0.00000000000000,0.00000000000000
2026-01-06 21:57:15,0.00000000000000,0.00000000000000
2026-01-06 21:57:16,0.00000000000000,0.00000000000000
2026-01-06 21:57:17,0.00262467191601,0.01834023337430
2026-01-06 21:57:18,0.00000000000000,0.00000000000000
2026-01-06 21:57:19,0.00544959128065,0.03858230643213
2026-01-06 21:57:20,0.00527704485488,0.03646948591207
2026-01-06 21:57:21,0.00000000000000,0.00000000000000
2026-01-06 21:57:22,0.00000000000000,0.00000000000000
2026-01-06 21:57:23,0.00263157894737,0.01804190540726
2026-01-06 21:57:24,0.00000000000000,0.00000000000000
2026-01-06 21:57:25,0.00275482093664,0.02198644323983
2026-01-06 21:57:26,0.00269541778976,0.01966411333722
2026-01-06 21:57:27,0.00000000000000,0.00000000000000
2026-01-06 21:57:28,0.00000000000000,0.00000000000000
2026-01-06 21:57:29,0.01044386422977,0.07094710199879
2026-01-06 21:57:30,0.00288184438040,0.02779699233833
2026-01-06 21:57:31,0.00275482093664,0.02071281155881
2026-01-06 21:57:32,0.00000000000000,0.00000000000000
2026-01-06 21:57:33,0.00531914893617,0.03726800491516
2026-01-06 21:57:34,0.00000000000000,0.00000000000000
2026-01-06 21:57:35,0.00000000000000,0.00000000000000
2026-01-06 21:57:36,0.00268096514745,0.02359031014294
2026-01-06 21:57:37,0.00000000000000,0.00000000000000
2026-01-06 21:57:38,0.00273224043716,0.02023778955463
2026-01-06 21:57:39,0.00000000000000,0.00000000000000
2026-01-06 21:57:40,0.00280898876404,0.02097596031614
2026-01-06 21:57:41,0.00000000000000,0.00000000000000
2026-01-06 21:57:42,0.00537634408602,0.03718841971232
2026-01-06 21:57:43,0.00000000000000,0.00000000000000
2026-01-06 21:57:44,0.00000000000000,0.00000000000000
2026-01-06 21:57:45,0.00262467191601,0.01817858073527
2026-01-06 21:57:46,0.00000000000000,0.00000000000000
2026-01-06 21:57:47,0.00000000000000,0.00000000000000
2026-01-06 21:57:48,0.00263852242744,0.01775234844943
2026-01-06 21:57:49,0.00263157894737,0.01793766744763
2026-01-06 21:57:50,0.00000000000000,0.00000000000000
2026-01-06 21:57:51,0.00271002710027,0.01927562297344
2026-01-06 21:57:52,0.00000000000000,0.00000000000000
2026-01-06 21:57:53,0.00270270270270,0.01865202837336
2026-01-06 21:57:54,0.00260416666667,0.01717177638127
2026-01-06 21:57:55,0.00000000000000,0.00000000000000
2026-01-06 21:57:56,0.00000000000000,0.00000000000000
2026-01-06 21:57:57,0.00274725274725,0.02033098392647
2026-01-06 21:57:58,0.00268096514745,0.01858728588812
2026-01-06 21:57:59,0.00264550264550,0.01828525626606
2026-01-06 21:58:00,0.00263852242744,0.01804029625074
2026-01-06 21:58:01,0.00000000000000,0.00000000000000
2026-01-06 21:58:02,0.00287356321839,0.02188829152870
2026-01-06 21:58:03,0.00000000000000,0.00000000000000
2026-01-06 21:58:04,0.00547945205479,0.04059590761428
2026-01-06 21:58:05,0.00000000000000,0.00000000000000
2026-01-06 21:58:06,0.00000000000000,0.00000000000000
2026-01-06 21:58:07,0.00280112044818,0.02362377821543
2026-01-06 21:58:08,0.00000000000000,0.00000000000000
2026-01-06 21:58:09,0.00000000000000,0.00000000000000
2026-01-06 21:58:10,0.00276243093923,0.02317813152476
2026-01-06 21:58:11,0.00000000000000,0.00000000000000
2026-01-06 21:58:12,0.00267379679144,0.02272292442719
2026-01-06 21:58:13,0.00275482093664,0.02143690523884
2026-01-06 21:58:14,0.00000000000000,0.00000000000000
2026-01-06 21:58:15,0.00000000000000,0.00000000000000
2026-01-06 21:58:16,0.00278551532033,0.02333488496881
2026-01-06 21:58:17,0.00273224043716,0.02282421150723
2026-01-06 21:58:18,0.00000000000000,0.00000000000000
2026-01-06 21:58:19,0.00000000000000,0.00000000000000
2026-01-06 21:58:20,0.00539083557951,0.04528217597035
2026-01-06 21:58:21,0.00000000000000,0.00000000000000
2026-01-06 21:58:22,0.00000000000000,0.00000000000000
2026-01-06 21:58:23,0.00000000000000,0.00000000000000
2026-01-06 21:58:24,0.00271002710027,0.02039989993025
2026-01-06 21:58:25,0.00277777777778,0.02337950664434
2026-01-06 21:58:26,0.00000000000000,0.00000000000000
2026-01-06 21:58:27,0.00280898876404,0.02349359828968
2026-01-06 21:58:28,0.00000000000000,0.00000000000000
2026-01-06 21:58:29,0.00000000000000,0.00000000000000
2026-01-06 21:58:30,0.00564971751412,0.04679624463038
2026-01-06 21:58:31,0.00000000000000,0.00000000000000
2026-01-06 21:58:32,0.00278551532033,0.02370932529811
2026-01-06 21:58:33,0.00000000000000,0.00000000000000
2026-01-06 21:58:34,0.00273224043716,0.02055514617524
2026-01-06 21:58:35,0.00269541778976,0.02306770418394
2026-01-06 21:58:36,0.00000000000000,0.00000000000000
2026-01-06 21:58:37,0.00277008310249,0.02378937198896
2026-01-06 21:58:38,0.00000000000000,0.00000000000000
2026-01-06 21:58:39,0.00000000000000,0.00000000000000
2026-01-06 21:58:40,0.00276243093923,0.02309561327240
2026-01-06 21:58:41,0.00000000000000,0.00000000000000
2026-01-06 21:58:42,0.00273972602740,0.02350337029564
2026-01-06 21:58:43,0.00000000000000,0.00000000000000
2026-01-06 21:58:44,0.00279329608939,0.02056113735465
2026-01-06 21:58:45,0.00277777777778,0.02354498155845
2026-01-06 21:58:46,0.00000000000000,0.00000000000000
2026-01-06 21:58:47,0.00271002710027,0.02287242161001
2026-01-06 21:58:48,0.00000000000000,0.00000000000000
2026-01-06 21:58:49,0.00000000000000,0.00000000000000
2026-01-06 21:58:50,0.00281690140845,0.02327367733695
2026-01-06 21:58:51,0.00276243093923,0.02366694964730
2026-01-06 21:58:52,0.00000000000000,0.00000000000000
2026-01-06 21:58:53,0.00280112044818,0.02155201655150
2026-01-06 21:58:54,0.00000000000000,0.00000000000000
2026-01-06 21:58:55,0.00000000000000,0.00000000000000
2026-01-06 21:58:56,0.00000000000000,0.00000000000000
2026-01-06 21:58:57,0.00272479564033,0.02298767174748
2026-01-06 21:58:58,0.00272479564033,0.02146584033522
2026-01-06 21:58:59,0.00000000000000,0.00000000000000
2026-01-06 21:59:00,0.00281690140845,0.02416887357199
2026-01-06 21:59:01,0.00000000000000,0.00000000000000
2026-01-06 21:59:02,0.00271002710027,0.02287242161001
2026-01-06 21:59:03,0.00273972602740,0.02160510203317
2026-01-06 21:59:04,0.00000000000000,0.00000000000000
2026-01-06 21:59:05,0.00000000000000,0.00000000000000
2026-01-06 21:59:06,0.00275482093664,0.02301688606453
2026-01-06 21:59:07,0.00000000000000,0.00000000000000
2026-01-06 21:59:08,0.00273224043716,0.02087787979831
2026-01-06 21:59:09,0.00000000000000,0.00000000000000
2026-01-06 21:59:10,0.00274725274725,0.02393964868567
2026-01-06 21:59:11,0.00284090909091,0.02451163488792
2026-01-06 21:59:12,0.00000000000000,0.00000000000000
2026-01-06 21:59:13,0.00277008310249,0.02157544819830
2026-01-06 21:59:14,0.00000000000000,0.00000000000000
2026-01-06 21:59:15,0.00268817204301,0.02236993309531
2026-01-06 21:59:16,0.00000000000000,0.00000000000000
2026-01-06 21:59:17,0.00000000000000,0.00000000000000
2026-01-06 21:59:18,0.00276243093923,0.02150594925777
2026-01-06 21:59:19,0.00000000000000,0.00000000000000
2026-01-06 21:59:20,0.00274725274725,0.02306113101969
2026-01-06 21:59:21,0.00279329608939,0.02349985200844
2026-01-06 21:59:22,0.00000000000000,0.00000000000000
2026-01-06 21:59:23,0.00273224043716,0.02101613151584
2026-01-06 21:59:24,0.00000000000000,0.00000000000000
2026-01-06 21:59:25,0.00280112044818,0.02328439130526
2026-01-06 21:59:26,0.00000000000000,0.00000000000000
2026-01-06 21:59:27,0.00000000000000,0.00000000000000
2026-01-06 21:59:28,0.00266666666667,0.01889046585881
2026-01-06 21:59:29,0.00270270270270,0.01844334299112
2026-01-06 21:59:30,0.00263157894737,0.01770397017140
2026-01-06 21:59:31,0.00000000000000,0.00000000000000
2026-01-06 21:59:32,0.00260416666667,0.01774298811968
2026-01-06 21:59:33,0.00261096605744,0.01789432850238
2026-01-06 21:59:34,0.00000000000000,0.00000000000000
2026-01-06 21:59:35,0.00000000000000,0.00000000000000
2026-01-06 21:59:36,0.00000000000000,0.00000000000000
2026-01-06 21:59:37,0.00533333333333,0.03648231672327
2026-01-06 21:59:38,0.00000000000000,0.00000000000000
2026-01-06 21:59:39,0.00000000000000,0.00000000000000
2026-01-06 21:59:40,0.00265957446809,0.01824244876752
2026-01-06 21:59:41,0.00000000000000,0.00000000000000
2026-01-06 21:59:42,0.00526315789474,0.03565054179023
2026-01-06 21:59:43,0.00000000000000,0.00000000000000
2026-01-06 21:59:44,0.00000000000000,0.00000000000000
2026-01-06 21:59:45,0.00290697674419,0.02178262867999
2026-01-06 21:59:46,0.00276243093923,0.02048064703324
2026-01-06 21:59:47,0.00000000000000,0.00000000000000
2026-01-06 21:59:48,0.00274725274725,0.02100837378810
2026-01-06 21:59:49,0.00000000000000,0.00000000000000
2026-01-06 21:59:50,0.00276243093923,0.02334232000147
2026-01-06 21:59:51,0.00280898876404,0.02412556321570
2026-01-06 21:59:52,0.00000000000000,0.00000000000000
2026-01-06 21:59:53,0.00272479564033,0.02074655886133
2026-01-06 21:59:54,0.00000000000000,0.00000000000000
2026-01-06 21:59:55,0.00000000000000,0.00000000000000
2026-01-06 21:59:56,0.00273972602740,0.02389619544766
2026-01-06 21:59:57,0.00000000000000,0.00000000000000
2026-01-06 21:59:58,0.00274725274725,0.02084025600532
2026-01-06 21:59:59,0.00000000000000,0.00000000000000
2026-01-06 22:00:00,0.00544959128065,0.03858230643213
2026-01-06 22:00:01,0.00000000000000,0.00000000000000
2026-01-06 22:00:02,0.00000000000000,0.00000000000000
2026-01-06 22:00:03,0.00261096605744,0.01784375401174
2026-01-06 22:00:04,0.00000000000000,0.00000000000000
2026-01-06 22:00:05,0.00000000000000,0.00000000000000
2026-01-06 22:00:06,0.00263157894737,0.01788253469684
2026-01-06 22:00:07,0.00265251989390,0.01872135499510
2026-01-06 22:00:08,0.00000000000000,0.00000000000000
2026-01-06 22:00:09,0.00266666666667,0.01839183649415
2026-01-06 22:00:10,0.00265251989390,0.01824172971565
2026-01-06 22:00:11,0.00263157894737,0.01849920729085
2026-01-06 22:00:12,0.00000000000000,0.00000000000000
2026-01-06 22:00:13,0.00000000000000,0.00000000000000
2026-01-06 22:00:14,0.00276243093923,0.02039773905533
2026-01-06 22:00:15,0.00273224043716,0.01904792650469
2026-01-06 22:00:16,0.00261780104712,0.01832687987368
2026-01-06 22:00:17,0.00000000000000,0.00000000000000
2026-01-06 22:00:18,0.00000000000000,0.00000000000000
2026-01-06 22:00:19,0.00000000000000,0.00000000000000
2026-01-06 22:00:20,0.00527704485488,0.03672647369892
2026-01-06 22:00:21,0.00000000000000,0.00000000000000
2026-01-06 22:00:22,0.00267379679144,0.01823773073598
2026-01-06 22:00:23,0.00000000000000,0.00000000000000
2026-01-06 22:00:24,0.00000000000000,0.00000000000000
2026-01-06 22:00:25,0.00533333333333,0.03713741842407
2026-01-06 22:00:26,0.00000000000000,0.00000000000000
2026-01-06 22:00:27,0.00000000000000,0.00000000000000
2026-01-06 22:00:28,0.00272479564033,0.02154312794998
2026-01-06 22:00:29,0.00272479564033,0.01969015283531
2026-01-06 22:00:30,0.00530503978780,0.03628035710651
2026-01-06 22:00:31,0.00000000000000,0.00000000000000
2026-01-06 22:00:32,0.00261096605744,0.01803540493314
2026-01-06 22:00:33,0.00000000000000,0.00000000000000
2026-01-06 22:00:34,0.00259067357513,0.01779733052836
2026-01-06 22:00:35,0.00000000000000,0.00000000000000
2026-01-06 22:00:36,0.00261780104712,0.01778510001024
2026-01-06 22:00:37,0.00000000000000,0.00000000000000
2026-01-06 22:00:38,0.00000000000000,0.00000000000000
2026-01-06 22:00:39,0.00534759358289,0.03740129676784
2026-01-06 22:00:40,0.00284900284900,0.01994673514789
2026-01-06 22:00:41,0.00000000000000,0.00000000000000
2026-01-06 22:00:42,0.00266666666667,0.01788287734117
2026-01-06 22:00:43,0.00000000000000,0.00000000000000
2026-01-06 22:00:44,0.00000000000000,0.00000000000000
2026-01-06 22:00:45,0.00543478260870,0.03951969187995
2026-01-06 22:00:46,0.00000000000000,0.00000000000000
2026-01-06 22:00:47,0.00268817204301,0.01839472541183
2026-01-06 22:00:48,0.00000000000000,0.00000000000000
2026-01-06 22:00:49,0.00000000000000,0.00000000000000
2026-01-06 22:00:50,0.00523560209424,0.03672547967186
2026-01-06 22:00:51,0.00000000000000,0.00000000000000
2026-01-06 22:00:52,0.00261096605744,0.01762143211705
2026-01-06 22:00:53,0.00258397932817,0.01759969761673
2026-01-06 22:00:54,0.00000000000000,0.00000000000000
2026-01-06 22:00:55,0.00000000000000,0.00000000000000
2026-01-06 22:00:56,0.00000000000000,0.00000000000000
2026-01-06 22:00:57,0.00534759358289,0.03732278245199
2026-01-06 22:00:58,0.00000000000000,0.00000000000000
2026-01-06 22:00:59,0.00000000000000,0.00000000000000
2026-01-06 22:01:00,0.00533333333333,0.03758564769211
2026-01-06 22:01:01,0.00277008310249,0.02596460532146
2026-01-06 22:01:02,0.00000000000000,0.00000000000000
2026-01-06 22:01:03,0.00000000000000,0.00000000000000
2026-01-06 22:01:04,0.00267379679144,0.01853521333825
2026-01-06 22:01:05,0.00000000000000,0.00000000000000
2026-01-06 22:01:06,0.00266666666667,0.01813080432494
2026-01-06 22:01:07,0.00257731958763,0.01755244112049
2026-01-06 22:01:08,0.00000000000000,0.00000000000000
2026-01-06 22:01:09,0.00260416666667,0.01768871009229
2026-01-06 22:01:10,0.00261096605744,0.01789432850238
2026-01-06 22:01:11,0.00000000000000,0.00000000000000
2026-01-06 22:01:12,0.00000000000000,0.00000000000000
2026-01-06 22:01:13,0.00263157894737,0.01822870029628
2026-01-06 22:01:14,0.00000000000000,0.00000000000000
2026-01-06 22:01:15,0.00265251989390,0.01846541225865
2026-01-06 22:01:16,0.00268817204301,0.01975633199796
2026-01-06 22:01:17,0.00000000000000,0.00000000000000
2026-01-06 22:01:18,0.00268817204301,0.01930778582630
2026-01-06 22:01:19,0.00000000000000,0.00000000000000
2026-01-06 22:01:20,0.00261780104712,0.01808483649975
2026-01-06 22:01:21,0.00546448087432,0.04020911548904
2026-01-06 22:01:22,0.00000000000000,0.00000000000000
2026-01-06 22:01:23,0.00273224043716,0.02034893448632
2026-01-06 22:01:24,0.00000000000000,0.00000000000000
2026-01-06 22:01:25,0.00268817204301,0.01901870027272
2026-01-06 22:01:26,0.00000000000000,0.00000000000000
2026-01-06 22:01:27,0.00265251989390,0.01824172971565
2026-01-06 22:01:28,0.00000000000000,0.00000000000000
2026-01-06 22:01:29,0.00261096605744,0.01773677549970
2026-01-06 22:01:30,0.00522193211488,0.03512078579678
2026-01-06 22:01:31,0.00263157894737,0.01827136181036
2026-01-06 22:01:32,0.00000000000000,0.00000000000000
2026-01-06 22:01:33,0.00271002710027,0.01904266858389
2026-01-06 22:01:34,0.00000000000000,0.00000000000000
2026-01-06 22:01:35,0.00272479564033,0.01996856437709
2026-01-06 22:01:36,0.00270270270270,0.01860277658610
2026-01-06 22:01:37,0.00000000000000,0.00000000000000
2026-01-06 22:01:38,0.00000000000000,0.00000000000000
2026-01-06 22:01:39,0.00265251989390,0.01803068281644
2026-01-06 22:01:40,0.00262467191601,0.01826216501208
2026-01-06 22:01:41,0.00277777777778,0.02540949139294
2026-01-06 22:01:42,0.00278551532033,0.02232241081135
2026-01-06 22:01:43,0.00271002710027,0.01855086494660
2026-01-06 22:01:44,0.00000000000000,0.00000000000000
2026-01-06 22:01:45,0.00000000000000,0.00000000000000
2026-01-06 22:01:46,0.00000000000000,0.00000000000000
2026-01-06 22:01:47,0.00263157894737,0.01782527089512
2026-01-06 22:01:48,0.00000000000000,0.00000000000000
2026-01-06 22:01:49,0.00265957446809,0.01834065304551
2026-01-06 22:01:50,0.00263852242744,0.01781442056047
2026-01-06 22:01:52,0.00263157894737,0.01799076113974
2026-01-06 22:01:53,0.00000000000000,0.00000000000000
2026-01-06 22:01:54,0.00264550264550,0.01780098982890
2026-01-06 22:01:55,0.00000000000000,0.00000000000000
2026-01-06 22:01:56,0.00571428571429,0.05005619629981
2026-01-06 22:01:57,0.00000000000000,0.00000000000000
2026-01-06 22:01:58,0.00261780104712,0.01799217879454
2026-01-06 22:01:59,0.00259740259740,0.01758477010169
2026-01-06 22:02:00,0.00000000000000,0.00000000000000
2026-01-06 22:02:01,0.00264550264550,0.01809010132458
2026-01-06 22:02:02,0.00261096605744,0.01784375401174
2026-01-06 22:02:03,0.00000000000000,0.00000000000000
2026-01-06 22:02:04,0.00276243093923,0.01995151171952
2026-01-06 22:02:05,0.00268817204301,0.01876667378386
2026-01-06 22:02:06,0.00000000000000,0.00000000000000
2026-01-06 22:02:07,0.00266666666667,0.01843846073068
2026-01-06 22:02:08,0.00000000000000,0.00000000000000
2026-01-06 22:02:09,0.00000000000000,0.00000000000000
2026-01-06 22:02:10,0.00260416666667,0.01802983406242
2026-01-06 22:02:11,0.00264550264550,0.01745038102774
2026-01-06 22:02:12,0.00259067357513,0.01722392763657
2026-01-06 22:02:13,0.00000000000000,0.00000000000000
2026-01-06 22:02:14,0.00265957446809,0.01870596241945
2026-01-06 22:02:15,0.00268096514745,0.01817312562034
2026-01-06 22:02:16,0.00000000000000,0.00000000000000
2026-01-06 22:02:17,0.00272479564033,0.01881164866752
2026-01-06 22:02:18,0.00000000000000,0.00000000000000
2026-01-06 22:02:19,0.00280112044818,0.02001962718385
2026-01-06 22:02:20,0.00264550264550,0.01823912264408
2026-01-06 22:02:21,0.00265957446809,0.01824244876752
2026-01-06 22:02:22,0.00261780104712,0.01766928953104
2026-01-06 22:02:23,0.00263157894737,0.01804190540726
2026-01-06 22:02:24,0.00000000000000,0.00000000000000
2026-01-06 22:02:25,0.00000000000000,0.00000000000000
2026-01-06 22:02:26,0.00263852242744,0.01814109556174
2026-01-06 22:02:27,0.00000000000000,0.00000000000000
2026-01-06 22:02:28,0.00000000000000,0.00000000000000
2026-01-06 22:02:29,0.00530503978780,0.03730770135771
2026-01-06 22:02:30,0.00533333333333,0.03687692146137
2026-01-06 22:02:31,0.00265251989390,0.01819190198986
2026-01-06 22:02:32,0.00268817204301,0.01854708732834
2026-01-06 22:02:33,0.00000000000000,0.00000000000000
2026-01-06 22:02:34,0.00265251989390,0.01842379762501
2026-01-06 22:02:35,0.00272479564033,0.01938613469252
2026-01-06 22:02:36,0.00000000000000,0.00000000000000
2026-01-06 22:02:37,0.00269541778976,0.01900575675104
2026-01-06 22:02:38,0.00000000000000,0.00000000000000
2026-01-06 22:02:39,0.00000000000000,0.00000000000000
2026-01-06 22:02:40,0.00259740259740,0.01810243857567
2026-01-06 22:02:41,0.00263157894737,0.01793766744763
2026-01-06 22:02:42,0.00265251989390,0.01838070147008
2026-01-06 22:02:43,0.00000000000000,0.00000000000000
2026-01-06 22:02:44,0.00000000000000,0.00000000000000
2026-01-06 22:02:45,0.00263852242744,0.01793164910688
2026-01-06 22:02:46,0.00000000000000,0.00000000000000
2026-01-06 22:02:47,0.00273224043716,0.02029280069226
2026-01-06 22:02:48,0.00279329608939,0.02078783109976
2026-01-06 22:02:49,0.00000000000000,0.00000000000000
2026-01-06 22:02:50,0.00266666666667,0.01829327322904
2026-01-06 22:02:51,0.00265957446809,0.01847516593738
2026-01-06 22:02:52,0.00000000000000,0.00000000000000
2026-01-06 22:02:53,0.00000000000000,0.00000000000000
2026-01-06 22:02:54,0.00266666666667,0.01829327322904
2026-01-06 22:02:55,0.00257069408740,0.01721824757844
2026-01-06 22:02:56,0.00000000000000,0.00000000000000
2026-01-06 22:02:57,0.00000000000000,0.00000000000000
2026-01-06 22:02:58,0.00000000000000,0.00000000000000
2026-01-06 22:02:59,0.00286532951289,0.02119158669154
2026-01-06 22:03:00,0.00531914893617,0.03726800491516
2026-01-06 22:03:01,0.00000000000000,0.00000000000000
2026-01-06 22:03:02,0.00261780104712,0.01799217879454
2026-01-06 22:03:03,0.00000000000000,0.00000000000000
2026-01-06 22:03:04,0.00277777777778,0.02004184209401
2026-01-06 22:03:05,0.00272479564033,0.02095046224606
2026-01-06 22:03:06,0.00000000000000,0.00000000000000
2026-01-06 22:03:07,0.00269541778976,0.01885939545161
2026-01-06 22:03:08,0.00000000000000,0.00000000000000
2026-01-06 22:03:09,0.00000000000000,0.00000000000000
2026-01-06 22:03:10,0.00277008310249,0.02213264109501
2026-01-06 22:03:11,0.00272479564033,0.01989256581416
2026-01-06 22:03:12,0.00000000000000,0.00000000000000
2026-01-06 22:03:13,0.00265957446809,0.01829246030483
2026-01-06 22:03:14,0.00263157894737,0.01809118756049
2026-01-06 22:03:15,0.00000000000000,0.00000000000000
2026-01-06 22:03:16,0.00000000000000,0.00000000000000
2026-01-06 22:03:17,0.00257069408740,0.01733960016725
2026-01-06 22:03:18,0.00000000000000,0.00000000000000
2026-01-06 22:03:19,0.00267379679144,0.01849009128596
2026-01-06 22:03:20,0.00265957446809,0.01847516593738
2026-01-06 22:03:21,0.00266666666667,0.01818703340514
2026-01-06 22:03:22,0.00000000000000,0.00000000000000
2026-01-06 22:03:23,0.00268096514745,0.01839576431481
2026-01-06 22:03:24,0.00000000000000,0.00000000000000
2026-01-06 22:03:25,0.00284090909091,0.02242958995726
2026-01-06 22:03:26,0.00273224043716,0.02010455774452
2026-01-06 22:03:27,0.00000000000000,0.00000000000000
2026-01-06 22:03:28,0.00000000000000,0.00000000000000
2026-01-06 22:03:29,0.00262467191601,0.01817858073527
2026-01-06 22:03:30,0.00277008310249,0.02382972891729
2026-01-06 22:03:31,0.00573065902579,0.04672866610236
2026-01-06 22:03:32,0.00000000000000,0.00000000000000
2026-01-06 22:03:33,0.00268096514745,0.01863097188570
2026-01-06 22:03:34,0.00000000000000,0.00000000000000
2026-01-06 22:03:35,0.00264550264550,0.01832975845153
2026-01-06 22:03:36,0.00000000000000,0.00000000000000
2026-01-06 22:03:37,0.00000000000000,0.00000000000000
2026-01-06 22:03:38,0.00259740259740,0.01810243857567
2026-01-06 22:03:39,0.00000000000000,0.00000000000000
2026-01-06 22:03:40,0.00262467191601,0.01783368570738
2026-01-06 22:03:41,0.00264550264550,0.01856682731258
2026-01-06 22:03:42,0.00276243093923,0.01950255895433
2026-01-06 22:03:43,0.00000000000000,0.00000000000000
2026-01-06 22:03:44,0.00000000000000,0.00000000000000
2026-01-06 22:03:45,0.00258397932817,0.01749036005623
2026-01-06 22:03:46,0.00000000000000,0.00000000000000
2026-01-06 22:03:47,0.00000000000000,0.00000000000000
2026-01-06 22:03:48,0.00550964187328,0.04095119437502
2026-01-06 22:03:49,0.00000000000000,0.00000000000000
2026-01-06 22:03:50,0.00547945205479,0.03966027787002
2026-01-06 22:03:51,0.00000000000000,0.00000000000000
2026-01-06 22:03:52,0.00263852242744,0.01844181193051
2026-01-06 22:03:53,0.00000000000000,0.00000000000000
2026-01-06 22:03:54,0.00000000000000,0.00000000000000
2026-01-06 22:03:55,0.00000000000000,0.00000000000000
2026-01-06 22:03:56,0.00261780104712,0.01783980296001
2026-01-06 22:03:57,0.00259067357513,0.01747938979198
2026-01-06 22:03:58,0.00263852242744,0.01798699861046
2026-01-06 22:03:59,0.00000000000000,0.00000000000000
2026-01-06 22:04:00,0.00268096514745,0.01875327227294
2026-01-06 22:04:01,0.00264550264550,0.01819127554467
2026-01-06 22:04:02,0.00000000000000,0.00000000000000
2026-01-06 22:04:03,0.00000000000000,0.00000000000000
2026-01-06 22:04:04,0.00268096514745,0.01849505131310
2026-01-06 22:04:05,0.00273972602740,0.01964369096982
2026-01-06 22:04:06,0.00000000000000,0.00000000000000
2026-01-06 22:04:07,0.00277008310249,0.02062830771156
2026-01-06 22:04:08,0.00280112044818,0.02234696953068
2026-01-06 22:04:09,0.00000000000000,0.00000000000000
2026-01-06 22:04:10,0.00263852242744,0.01781442056047
2026-01-06 22:04:11,0.00266666666667,0.01824115836164
2026-01-06 22:04:12,0.00000000000000,0.00000000000000
2026-01-06 22:04:13,0.00000000000000,0.00000000000000
2026-01-06 22:04:14,0.00270270270270,0.01902471739763
2026-01-06 22:04:15,0.00266666666667,0.01829327322904
2026-01-06 22:04:16,0.00265251989390,0.01828974918235
2026-01-06 22:04:17,0.00000000000000,0.00000000000000
2026-01-06 22:04:18,0.00263852242744,0.01818877119420
2026-01-06 22:04:19,0.00000000000000,0.00000000000000
2026-01-06 22:04:20,0.00266666666667,0.01843846073068
2026-01-06 22:04:21,0.00259067357513,0.01729147473411
2026-01-06 22:04:22,0.00000000000000,0.00000000000000
2026-01-06 22:04:23,0.00000000000000,0.00000000000000
2026-01-06 22:04:24,0.00267379679144,0.01857875075297
2026-01-06 22:04:25,0.00000000000000,0.00000000000000
2026-01-06 22:04:26,0.00267379679144,0.01853521333825
2026-01-06 22:04:27,0.00000000000000,0.00000000000000
2026-01-06 22:04:28,0.00272479564033,0.01895045068478
2026-01-06 22:04:29,0.00268096514745,0.01828870804270
2026-01-06 22:04:30,0.00536193029491,0.03834556734959
2026-01-06 22:04:31,0.00000000000000,0.00000000000000
2026-01-06 22:04:32,0.00265251989390,0.01846541225865
2026-01-06 22:04:33,0.00267379679144,0.01866139122599
2026-01-06 22:04:34,0.00000000000000,0.00000000000000
2026-01-06 22:04:35,0.00000000000000,0.00000000000000
2026-01-06 22:04:36,0.00265251989390,0.01803068281644
2026-01-06 22:04:37,0.00000000000000,0.00000000000000
2026-01-06 22:04:38,0.00260416666667,0.01789423205941
2026-01-06 22:04:39,0.00263157894737,0.01827136181036
2026-01-06 22:04:40,0.00265251989390,0.01842379762501
2026-01-06 22:04:41,0.00274725274725,0.02228048939566
2026-01-06 22:04:42,0.00000000000000,0.00000000000000
2026-01-06 22:04:43,0.00000000000000,0.00000000000000
2026-01-06 22:04:44,0.00270270270270,0.01919026341035
2026-01-06 22:04:45,0.00000000000000,0.00000000000000
2026-01-06 22:04:46,0.00000000000000,0.00000000000000
2026-01-06 22:04:47,0.00579710144928,0.05027487682858
2026-01-06 22:04:48,0.00000000000000,0.00000000000000
2026-01-06 22:04:49,0.00265957446809,0.01819053015241
2026-01-06 22:04:50,0.00264550264550,0.01837270899789
2026-01-06 22:04:51,0.00265251989390,0.01797272358094
2026-01-06 22:04:52,0.00000000000000,0.00000000000000
2026-01-06 22:04:53,0.00000000000000,0.00000000000000
2026-01-06 22:04:54,0.00000000000000,0.00000000000000
2026-01-06 22:04:55,0.00519480519481,0.03505296855411
2026-01-06 22:04:56,0.00000000000000,0.00000000000000
2026-01-06 22:04:57,0.00000000000000,0.00000000000000
2026-01-06 22:04:58,0.00265957446809,0.01851691940391
2026-01-06 22:04:59,0.00000000000000,0.00000000000000
2026-01-06 22:05:00,0.00262467191601,0.01822109881512
2026-01-06 22:05:01,0.00265957446809,0.01909128140172
2026-01-06 22:05:02,0.00292397660819,0.02532570948439
2026-01-06 22:05:03,0.00000000000000,0.00000000000000
2026-01-06 22:05:04,0.00259067357513,0.01759334836256
2026-01-06 22:05:05,0.00267379679144,0.01849009128596
2026-01-06 22:05:06,0.00000000000000,0.00000000000000
2026-01-06 22:05:07,0.00000000000000,0.00000000000000
2026-01-06 22:05:08,0.00261780104712,0.01766928953104
2026-01-06 22:05:09,0.00260416666667,0.01784566391175
2026-01-06 22:05:10,0.00000000000000,0.00000000000000
2026-01-06 22:05:11,0.00524934383202,0.03491271828009
2026-01-06 22:05:12,0.00000000000000,0.00000000000000
2026-01-06 22:05:13,0.00000000000000,0.00000000000000
2026-01-06 22:05:14,0.00000000000000,0.00000000000000
2026-01-06 22:05:15,0.00265957446809,0.01834065304551
2026-01-06 22:05:16,0.00274725274725,0.01897397878754
2026-01-06 22:05:17,0.00000000000000,0.00000000000000
2026-01-06 22:05:18,0.00271002710027,0.01941937339177
2026-01-06 22:05:19,0.00276243093923,0.02029040947477
2026-01-06 22:05:20,0.00271739130435,0.01950227907650
2026-01-06 22:05:21,0.00000000000000,0.00000000000000
2026-01-06 22:05:22,0.00000000000000,0.00000000000000
2026-01-06 22:05:23,0.00524934383202,0.03635716147054
2026-01-06 22:05:24,0.00000000000000,0.00000000000000
2026-01-06 22:05:25,0.00000000000000,0.00000000000000
2026-01-06 22:05:26,0.00263852242744,0.01809163252112
2026-01-06 22:05:27,0.00000000000000,0.00000000000000
2026-01-06 22:05:28,0.00000000000000,0.00000000000000
2026-01-06 22:05:29,0.00265251989390,0.01846541225865
2026-01-06 22:05:30,0.00267379679144,0.01870064838392
2026-01-06 22:05:31,0.00534759358289,0.03732278245199
2026-01-06 22:05:32,0.00000000000000,0.00000000000000
2026-01-06 22:05:33,0.00270270270270,0.01874524217935
2026-01-06 22:05:34,0.00000000000000,0.00000000000000
2026-01-06 22:05:35,0.00286532951289,0.02200467518087
2026-01-06 22:05:36,0.00281690140845,0.02063806904036
2026-01-06 22:05:37,0.00000000000000,0.00000000000000
2026-01-06 22:05:38,0.00265251989390,0.01803068281644
2026-01-06 22:05:39,0.00000000000000,0.00000000000000
2026-01-06 22:05:40,0.00261096605744,0.01827665468721
2026-01-06 22:05:41,0.00512820512821,0.03470122582607
2026-01-06 22:05:42,0.00000000000000,0.00000000000000
2026-01-06 22:05:43,0.00000000000000,0.00000000000000
2026-01-06 22:05:44,0.00000000000000,0.00000000000000
2026-01-06 22:05:45,0.00268096514745,0.01882826844734
2026-01-06 22:05:46,0.00269541778976,0.01864670257898
2026-01-06 22:05:47,0.00000000000000,0.00000000000000
2026-01-06 22:05:48,0.00000000000000,0.00000000000000
2026-01-06 22:05:49,0.00259740259740,0.01746595202537
2026-01-06 22:05:50,0.00261096605744,0.01749698092010
2026-01-06 22:05:51,0.00000000000000,0.00000000000000
2026-01-06 22:05:52,0.00264550264550,0.01814163064881
2026-01-06 22:05:53,0.00000000000000,0.00000000000000
2026-01-06 22:05:54,0.00260416666667,0.01768871009229
2026-01-06 22:05:55,0.00000000000000,0.00000000000000
2026-01-06 22:05:56,0.00272479564033,0.01918811501873
2026-01-06 22:05:57,0.00000000000000,0.00000000000000
2026-01-06 22:05:58,0.00268817204301,0.01868348196341
2026-01-06 22:05:59,0.00266666666667,0.01839183649415
2026-01-06 22:06:00,0.00259740259740,0.01798078207021
2026-01-06 22:06:01,0.00264550264550,0.01832975845153
2026-01-06 22:06:02,0.00000000000000,0.00000000000000
2026-01-06 22:06:03,0.00270270270270,0.02016436165620
2026-01-06 22:06:04,0.00000000000000,0.00000000000000
2026-01-06 22:06:05,0.00270270270270,0.01898862165019
2026-01-06 22:06:06,0.00000000000000,0.00000000000000
2026-01-06 22:06:07,0.00289855072464,0.02491738088779
2026-01-06 22:06:08,0.00271002710027,0.02132837992325
2026-01-06 22:06:09,0.00000000000000,0.00000000000000
2026-01-06 22:06:10,0.00536193029491,0.03750654454588
2026-01-06 22:06:11,0.00000000000000,0.00000000000000
2026-01-06 22:06:12,0.00259740259740,0.01758477010169
2026-01-06 22:06:13,0.00265957446809,0.01855726061678
2026-01-06 22:06:14,0.00000000000000,0.00000000000000
2026-01-06 22:06:15,0.00260416666667,0.01757383104581
2026-01-06 22:06:16,0.00000000000000,0.00000000000000
2026-01-06 22:06:17,0.00259740259740,0.01784565168122
2026-01-06 22:06:18,0.00000000000000,0.00000000000000
2026-01-06 22:06:19,0.00263852242744,0.01809163252112
2026-01-06 22:06:20,0.00265251989390,0.01887482463953
2026-01-06 22:06:21,0.00000000000000,0.00000000000000
2026-01-06 22:06:22,0.00000000000000,0.00000000000000
2026-01-06 22:06:23,0.00531914893617,0.03926032488215
2026-01-06 22:06:24,0.00000000000000,0.00000000000000
2026-01-06 22:06:25,0.00000000000000,0.00000000000000
2026-01-06 22:06:26,0.00534759358289,0.03715750150593
2026-01-06 22:06:27,0.00000000000000,0.00000000000000
2026-01-06 22:06:28,0.00267379679144,0.01834437764605
2026-01-06 22:06:29,0.00000000000000,0.00000000000000
2026-01-06 22:06:30,0.00265957446809,0.01819053015241
2026-01-06 22:06:31,0.00533333333333,0.03637406681029
2026-01-06 22:06:32,0.00000000000000,0.00000000000000
2026-01-06 22:06:33,0.00000000000000,0.00000000000000
2026-01-06 22:06:34,0.00269541778976,0.01821324560613
2026-01-06 22:06:35,0.00265251989390,0.01803068281644
2026-01-06 22:06:36,0.00000000000000,0.00000000000000
2026-01-06 22:06:37,0.00000000000000,0.00000000000000
2026-01-06 22:06:38,0.00275482093664,0.02083944413115
2026-01-06 22:06:39,0.00549450549451,0.03967130201022
2026-01-06 22:06:40,0.00268096514745,0.01867314607245
2026-01-06 22:06:41,0.00000000000000,0.00000000000000
2026-01-06 22:06:42,0.00000000000000,0.00000000000000
2026-01-06 22:06:43,0.00261780104712,0.01778510001024
2026-01-06 22:06:44,0.00000000000000,0.00000000000000
2026-01-06 22:06:45,0.00000000000000,0.00000000000000
2026-01-06 22:06:46,0.00519480519481,0.03467553548397
2026-01-06 22:06:47,0.00000000000000,0.00000000000000
2026-01-06 22:06:48,0.00000000000000,0.00000000000000
2026-01-06 22:06:49,0.00263852242744,0.01809163252112
2026-01-06 22:06:50,0.00273224043716,0.02169157679067
2026-01-06 22:06:51,0.00267379679144,0.01844330181338
2026-01-06 22:06:52,0.00271002710027,0.01875256686350
2026-01-06 22:06:53,0.00000000000000,0.00000000000000
2026-01-06 22:06:54,0.00000000000000,0.00000000000000
2026-01-06 22:06:55,0.00259067357513,0.01759334836256
2026-01-06 22:06:56,0.00000000000000,0.00000000000000
2026-01-06 22:06:57,0.00000000000000,0.00000000000000
2026-01-06 22:06:58,0.00258397932817,0.01749036005623
2026-01-06 22:06:59,0.00000000000000,0.00000000000000
2026-01-06 22:07:00,0.00518134715026,0.03518669672512
2026-01-06 22:07:01,0.00000000000000,0.00000000000000
2026-01-06 22:07:02,0.00268817204301,0.01872579781554
2026-01-06 22:07:03,0.00000000000000,0.00000000000000
2026-01-06 22:07:04,0.00264550264550,0.01798103108865
2026-01-06 22:07:05,0.00000000000000,0.00000000000000
2026-01-06 22:07:06,0.00662251655629,0.05129593326953
2026-01-06 22:07:08,0.00000000000000,0.00000000000000
2026-01-06 22:07:09,0.00274725274725,0.01927950758537
2026-01-06 22:07:10,0.00261780104712,0.01760799447823
2026-01-06 22:07:11,0.00270270270270,0.01849852866262
2026-01-06 22:07:12,0.00266666666667,0.01807237457364
2026-01-06 22:07:13,0.00000000000000,0.00000000000000
2026-01-06 22:07:14,0.00280112044818,0.02019236047400
2026-01-06 22:07:15,0.00000000000000,0.00000000000000
2026-01-06 22:07:16,0.00278551532033,0.02211565191045
2026-01-06 22:07:17,0.00000000000000,0.00000000000000
2026-01-06 22:07:18,0.00266666666667,0.01829327322904
2026-01-06 22:07:19,0.00265957446809,0.01859626415997
2026-01-06 22:07:20,0.00000000000000,0.00000000000000
2026-01-06 22:07:21,0.00527704485488,0.03646948591207
2026-01-06 22:07:22,0.00000000000000,0.00000000000000
2026-01-06 22:07:23,0.00000000000000,0.00000000000000
2026-01-06 22:07:24,0.00260416666667,0.01717177638127
2026-01-06 22:07:25,0.00261096605744,0.01773677549970
2026-01-06 22:07:26,0.00000000000000,0.00000000000000
2026-01-06 22:07:27,0.00000000000000,0.00000000000000
2026-01-06 22:07:28,0.00000000000000,0.00000000000000
2026-01-06 22:07:29,0.00785340314136,0.05282398343468
2026-01-06 22:07:30,0.00265957446809,0.01851691940391
2026-01-06 22:07:31,0.00266666666667,0.01843846073068
2026-01-06 22:07:32,0.00310559006211,0.02201582645280
2026-01-06 22:07:33,0.00272479564033,0.01929115321606
2026-01-06 22:07:34,0.00000000000000,0.00000000000000
2026-01-06 22:07:35,0.00263157894737,0.01822870029628
2026-01-06 22:07:36,0.00000000000000,0.00000000000000
2026-01-06 22:07:37,0.00286532951289,0.02456061106935
2026-01-06 22:07:38,0.00274725274725,0.02171476820463
2026-01-06 22:07:39,0.00000000000000,0.00000000000000
2026-01-06 22:07:40,0.00270270270270,0.01860277658610
2026-01-06 22:07:41,0.00264550264550,0.01863616452891
2026-01-06 22:07:42,0.00000000000000,0.00000000000000
2026-01-06 22:07:43,0.00273972602740,0.02377878523135
2026-01-06 22:07:44,0.00277777777778,0.02052021048306
2026-01-06 22:07:45,0.00265251989390,0.01808646957642
2026-01-06 22:07:46,0.00000000000000,0.00000000000000
2026-01-06 22:07:47,0.00000000000000,0.00000000000000
2026-01-06 22:07:48,0.00000000000000,0.00000000000000
2026-01-06 22:07:49,0.00266666666667,0.01839183649415
2026-01-06 22:07:50,0.00263852242744,0.01832189780276
2026-01-06 22:07:51,0.00000000000000,0.00000000000000
2026-01-06 22:07:52,0.00259740259740,0.01764090172651
2026-01-06 22:07:53,0.00267379679144,0.01834437764605
2026-01-06 22:07:54,0.00000000000000,0.00000000000000
2026-01-06 22:07:55,0.00264550264550,0.01860202243057
2026-01-06 22:07:56,0.00000000000000,0.00000000000000
2026-01-06 22:07:57,0.00000000000000,0.00000000000000
2026-01-06 22:07:58,0.00000000000000,0.00000000000000
2026-01-06 22:07:59,0.00540540540541,0.03739897488359
2026-01-06 22:08:00,0.00267379679144,0.01849009128596
2026-01-06 22:08:01,0.00000000000000,0.00000000000000
2026-01-06 22:08:02,0.00264550264550,0.01832975845153
2026-01-06 22:08:03,0.00000000000000,0.00000000000000
2026-01-06 22:08:04,0.00265957446809,0.01863400245758
2026-01-06 22:08:05,0.00000000000000,0.00000000000000
2026-01-06 22:08:06,0.00000000000000,0.00000000000000
2026-01-06 22:08:07,0.00263157894737,0.01793766744763
2026-01-06 22:08:08,0.00261780104712,0.01733791538337
2026-01-06 22:08:09,0.00000000000000,0.00000000000000
2026-01-06 22:08:10,0.00265957446809,0.01776577117204
2026-01-06 22:08:11,0.00000000000000,0.00000000000000
2026-01-06 22:08:12,0.00264550264550,0.01823912264408
2026-01-06 22:08:13,0.00265251989390,0.01828974918235
2026-01-06 22:08:14,0.00000000000000,0.00000000000000
2026-01-06 22:08:15,0.00000000000000,0.00000000000000
2026-01-06 22:08:16,0.00263157894737,0.01813869262010
2026-01-06 22:08:17,0.00274725274725,0.01991365076226
2026-01-06 22:08:18,0.00000000000000,0.00000000000000
2026-01-06 22:08:19,0.00269541778976,0.01869229792308
2026-01-06 22:08:20,0.00524934383202,0.03709362376529
2026-01-06 22:08:21,0.00000000000000,0.00000000000000
2026-01-06 22:08:22,0.00275482093664,0.02293453576507
2026-01-06 22:08:23,0.00000000000000,0.00000000000000
2026-01-06 22:08:24,0.00265957446809,0.01813661377038
2026-01-06 22:08:25,0.00000000000000,0.00000000000000
2026-01-06 22:08:26,0.00000000000000,0.00000000000000
2026-01-06 22:08:27,0.00268096514745,0.01854200688073
2026-01-06 22:08:28,0.00263852242744,0.01781442056047
2026-01-06 22:08:29,0.00000000000000,0.00000000000000
2026-01-06 22:08:30,0.00270270270270,0.01883197984712
2026-01-06 22:08:31,0.00261780104712,0.01821203742065
2026-01-06 22:08:32,0.00539083557951,0.03827174674205
2026-01-06 22:08:33,0.00000000000000,0.00000000000000
2026-01-06 22:08:34,0.00000000000000,0.00000000000000
2026-01-06 22:08:35,0.00263852242744,0.01868093993379
2026-01-06 22:08:36,0.00000000000000,0.00000000000000
2026-01-06 22:08:37,0.00276243093923,0.02378743952797
2026-01-06 22:08:38,0.00271002710027,0.02211439391263
2026-01-06 22:08:39,0.00000000000000,0.00000000000000
2026-01-06 22:08:40,0.00263852242744,0.01798699861046
2026-01-06 22:08:41,0.00265251989390,0.01824172971565
2026-01-06 22:08:42,0.00000000000000,0.00000000000000
2026-01-06 22:08:43,0.00000000000000,0.00000000000000
2026-01-06 22:08:44,0.00263157894737,0.01770397017140
2026-01-06 22:08:45,0.00000000000000,0.00000000000000
2026-01-06 22:08:46,0.00264550264550,0.01786332418789
2026-01-06 22:08:47,0.00000000000000,0.00000000000000
2026-01-06 22:08:48,0.00268817204301,0.01844743555665
2026-01-06 22:08:49,0.00000000000000,0.00000000000000
2026-01-06 22:08:50,0.00531914893617,0.03703383880783
2026-01-06 22:08:51,0.00000000000000,0.00000000000000
2026-01-06 22:08:52,0.00279329608939,0.02564734010171
2026-01-06 22:08:53,0.00000000000000,0.00000000000000
2026-01-06 22:08:54,0.00265957446809,0.01813661377038
2026-01-06 22:08:55,0.00000000000000,0.00000000000000
2026-01-06 22:08:56,0.00267379679144,0.01877540513309
2026-01-06 22:08:57,0.00000000000000,0.00000000000000
2026-01-06 22:08:58,0.00273224043716,0.02342308904466
2026-01-06 22:08:59,0.00267379679144,0.02521328398518
