Date,CPU Utilization,CPU Power
2026-01-06 16:20:09,0.00255102040816,0.04210597710373
2026-01-06 16:20:10,0.00000000000000,0.00000000000000
2026-01-06 16:20:11,0.00000000000000,0.00000000000000
2026-01-06 16:20:12,0.00253807106599,0.06880459185928
2026-01-06 16:20:13,0.00000000000000,0.00000000000000
2026-01-06 16:20:14,0.00261780104712,0.03465205895641
2026-01-06 16:20:15,0.00261780104712,0.03209710136101
2026-01-06 16:20:16,0.00000000000000,0.00000000000000
2026-01-06 16:20:17,0.00000000000000,0.00000000000000
2026-01-06 16:20:18,0.00000000000000,0.00000000000000
2026-01-06 16:20:19,0.00259067357513,0.02801167143553
2026-01-06 16:20:20,0.00261780104712,0.02576854475470
2026-01-06 16:20:21,0.00000000000000,0.00000000000000
2026-01-06 16:20:22,0.00000000000000,0.00000000000000
2026-01-06 16:20:23,0.00000000000000,0.00000000000000
2026-01-06 16:20:24,0.00260416666667,0.02807087646388
2026-01-06 16:20:25,0.00263852242744,0.02249843601928
2026-01-06 16:20:26,0.00261780104712,0.03255868621799
2026-01-06 16:20:27,0.00000000000000,0.00000000000000
2026-01-06 16:20:28,0.00000000000000,0.00000000000000
2026-01-06 16:20:29,0.00265251989390,0.02477416874837
2026-01-06 16:20:30,0.00271739130435,0.02263077071799
2026-01-06 16:20:31,0.00000000000000,0.00000000000000
2026-01-06 16:20:32,0.00000000000000,0.00000000000000
2026-01-06 16:20:33,0.00277008310249,0.02435063455026
2026-01-06 16:20:34,0.00264550264550,0.02283085906078
2026-01-06 16:20:35,0.00000000000000,0.00000000000000
2026-01-06 16:20:36,0.00000000000000,0.00000000000000
2026-01-06 16:20:37,0.00267379679144,0.02276095682737
2026-01-06 16:20:38,0.00000000000000,0.00000000000000
2026-01-06 16:20:39,0.00271002710027,0.02239506590115
2026-01-06 16:20:40,0.00000000000000,0.00000000000000
2026-01-06 16:20:41,0.00268817204301,0.01975633199796
2026-01-06 16:20:42,0.00278551532033,0.02109982850245
2026-01-06 16:20:43,0.00000000000000,0.00000000000000
2026-01-06 16:20:44,0.00271739130435,0.02088521269260
2026-01-06 16:20:45,0.00000000000000,0.00000000000000
2026-01-06 16:20:46,0.00000000000000,0.00000000000000
2026-01-06 16:20:47,0.00275482093664,0.02090482911765
2026-01-06 16:20:48,0.00000000000000,0.00000000000000
2026-01-06 16:20:49,0.00277008310249,0.02074737374474
2026-01-06 16:20:50,0.00267379679144,0.01897449958665
2026-01-06 16:20:51,0.00000000000000,0.00000000000000
2026-01-06 16:20:52,0.00271739130435,0.02040125106861
2026-01-06 16:20:53,0.00000000000000,0.00000000000000
2026-01-06 16:20:54,0.00268096514745,0.01908782089970
2026-01-06 16:20:55,0.00000000000000,0.00000000000000
2026-01-06 16:20:56,0.00267379679144,0.01887918739551
2026-01-06 16:20:57,0.00000000000000,0.00000000000000
2026-01-06 16:20:58,0.00000000000000,0.00000000000000
2026-01-06 16:20:59,0.00539083557951,0.03927895633014
2026-01-06 16:21:00,0.00000000000000,0.00000000000000
2026-01-06 16:21:01,0.00000000000000,0.00000000000000
2026-01-06 16:21:02,0.00000000000000,0.00000000000000
2026-01-06 16:21:03,0.00277777777778,0.02093635684333
2026-01-06 16:21:04,0.00547945205479,0.04070672498472
2026-01-06 16:21:05,0.00000000000000,0.00000000000000
2026-01-06 16:21:06,0.00267379679144,0.01849009128596
2026-01-06 16:21:07,0.00000000000000,0.00000000000000
2026-01-06 16:21:08,0.00000000000000,0.00000000000000
2026-01-06 16:21:09,0.00273224043716,0.01934656300488
2026-01-06 16:21:10,0.00000000000000,0.00000000000000
2026-01-06 16:21:11,0.00271739130435,0.01920279509694
2026-01-06 16:21:12,0.00000000000000,0.00000000000000
2026-01-06 16:21:13,0.00000000000000,0.00000000000000
2026-01-06 16:21:14,0.00584795321637,0.04338695878415
2026-01-06 16:21:15,0.00000000000000,0.00000000000000
2026-01-06 16:21:16,0.00000000000000,0.00000000000000
2026-01-06 16:21:17,0.00268817204301,0.02033806548909
2026-01-06 16:21:18,0.00000000000000,0.00000000000000
2026-01-06 16:21:19,0.00271002710027,0.02031066611597
2026-01-06 16:21:20,0.00000000000000,0.00000000000000
2026-01-06 16:21:21,0.00000000000000,0.00000000000000
2026-01-06 16:21:22,0.00271739130435,0.01898077121646
2026-01-06 16:21:23,0.00271002710027,0.01865550661150
2026-01-06 16:21:24,0.00274725274725,0.01927950758537
2026-01-06 16:21:25,0.00286532951289,0.02056441692699
2026-01-06 16:21:26,0.00000000000000,0.00000000000000
2026-01-06 16:21:27,0.00274725274725,0.02055902572933
2026-01-06 16:21:28,0.00000000000000,0.00000000000000
2026-01-06 16:21:29,0.00000000000000,0.00000000000000
2026-01-06 16:21:30,0.00000000000000,0.00000000000000
2026-01-06 16:21:31,0.00534759358289,0.03818229717809
2026-01-06 16:21:32,0.00000000000000,0.00000000000000
2026-01-06 16:21:33,0.00000000000000,0.00000000000000
2026-01-06 16:21:34,0.00279329608939,0.02075851473892
2026-01-06 16:21:35,0.00000000000000,0.00000000000000
2026-01-06 16:21:36,0.00537634408602,0.03727929325105
2026-01-06 16:21:37,0.00000000000000,0.00000000000000
2026-01-06 16:21:38,0.00000000000000,0.00000000000000
2026-01-06 16:21:39,0.00268096514745,0.01854200688073
2026-01-06 16:21:40,0.00000000000000,0.00000000000000
2026-01-06 16:21:41,0.00000000000000,0.00000000000000
2026-01-06 16:21:42,0.00274725274725,0.02171476820463
2026-01-06 16:21:43,0.00268096514745,0.02166895856590
2026-01-06 16:21:44,0.00284900284900,0.02086205980842
2026-01-06 16:21:45,0.00269541778976,0.01881975296885
2026-01-06 16:21:46,0.00000000000000,0.00000000000000
2026-01-06 16:21:47,0.00000000000000,0.00000000000000
2026-01-06 16:21:48,0.00000000000000,0.00000000000000
2026-01-06 16:21:49,0.00263852242744,0.02378533369183
2026-01-06 16:21:50,0.00000000000000,0.00000000000000
2026-01-06 16:21:51,0.00269541778976,0.01873628336437
2026-01-06 16:21:52,0.00000000000000,0.00000000000000
2026-01-06 16:21:53,0.00278551532033,0.02253205520556
2026-01-06 16:21:54,0.00273972602740,0.01995786177379
2026-01-06 16:21:55,0.00268817204301,0.01950976082528
2026-01-06 16:21:56,0.00273224043716,0.02138201573670
2026-01-06 16:21:57,0.00000000000000,0.00000000000000
2026-01-06 16:21:58,0.00000000000000,0.00000000000000
2026-01-06 16:21:59,0.00000000000000,0.00000000000000
2026-01-06 16:22:00,0.00269541778976,0.01961485523526
2026-01-06 16:22:01,0.00280898876404,0.02457925976872
2026-01-06 16:22:02,0.00000000000000,0.00000000000000
2026-01-06 16:22:03,0.00000000000000,0.00000000000000
2026-01-06 16:22:04,0.00555555555556,0.04329081291282
2026-01-06 16:22:05,0.00273224043716,0.01992517248890
2026-01-06 16:22:06,0.00000000000000,0.00000000000000
2026-01-06 16:22:07,0.00000000000000,0.00000000000000
2026-01-06 16:22:08,0.00000000000000,0.00000000000000
2026-01-06 16:22:09,0.00267379679144,0.02018616938929
2026-01-06 16:22:10,0.00263157894737,0.02032874242992
2026-01-06 16:22:11,0.00000000000000,0.00000000000000
2026-01-06 16:22:12,0.00000000000000,0.00000000000000
2026-01-06 16:22:13,0.00269541778976,0.01885939545161
2026-01-06 16:22:14,0.00267379679144,0.01897449958665
2026-01-06 16:22:15,0.00274725274725,0.01970056808397
2026-01-06 16:22:16,0.00000000000000,0.00000000000000
2026-01-06 16:22:17,0.00000000000000,0.00000000000000
2026-01-06 16:22:18,0.00271002710027,0.02295109261850
2026-01-06 16:22:19,0.00277777777778,0.02262413192326
2026-01-06 16:22:20,0.00000000000000,0.00000000000000
2026-01-06 16:22:21,0.00000000000000,0.00000000000000
2026-01-06 16:22:22,0.00000000000000,0.00000000000000
2026-01-06 16:22:23,0.00270270270270,0.02089485362524
2026-01-06 16:22:24,0.00273224043716,0.01992517248890
2026-01-06 16:22:25,0.00268096514745,0.01854200688073
2026-01-06 16:22:26,0.00000000000000,0.00000000000000
2026-01-06 16:22:27,0.00273972602740,0.02021678142089
2026-01-06 16:22:28,0.00274725274725,0.02094012387183
2026-01-06 16:22:29,0.00000000000000,0.00000000000000
2026-01-06 16:22:30,0.00265957446809,0.01880610323727
2026-01-06 16:22:31,0.00000000000000,0.00000000000000
2026-01-06 16:22:32,0.00271002710027,0.02003290261747
2026-01-06 16:22:33,0.00000000000000,0.00000000000000
2026-01-06 16:22:34,0.00272479564033,0.01925778799796
2026-01-06 16:22:35,0.00261780104712,0.01858632913643
2026-01-06 16:22:36,0.00000000000000,0.00000000000000
2026-01-06 16:22:37,0.00000000000000,0.00000000000000
2026-01-06 16:22:38,0.00000000000000,0.00000000000000
2026-01-06 16:22:39,0.00269541778976,0.01928164439068
2026-01-06 16:22:40,0.00274725274725,0.01945832244323
2026-01-06 16:22:41,0.00000000000000,0.00000000000000
2026-01-06 16:22:42,0.00000000000000,0.00000000000000
2026-01-06 16:22:43,0.00268817204301,0.01922706282165
2026-01-06 16:22:44,0.00550964187328,0.03968023897015
2026-01-06 16:22:45,0.00000000000000,0.00000000000000
2026-01-06 16:22:46,0.00000000000000,0.00000000000000
2026-01-06 16:22:47,0.00268817204301,0.01895208204279
2026-01-06 16:22:48,0.00273224043716,0.01958713566253
2026-01-06 16:22:49,0.00000000000000,0.00000000000000
2026-01-06 16:22:50,0.00000000000000,0.00000000000000
2026-01-06 16:22:51,0.00264550264550,0.01890583737342
2026-01-06 16:22:52,0.00000000000000,0.00000000000000
2026-01-06 16:22:53,0.00000000000000,0.00000000000000
2026-01-06 16:22:54,0.00546448087432,0.03964771008014
2026-01-06 16:22:55,0.00271002710027,0.01896670193052
2026-01-06 16:22:56,0.00000000000000,0.00000000000000
2026-01-06 16:22:57,0.00000000000000,0.00000000000000
2026-01-06 16:22:58,0.00264550264550,0.01913363367673
2026-01-06 16:22:59,0.00000000000000,0.00000000000000
2026-01-06 16:23:00,0.00267379679144,0.01956913853911
2026-01-06 16:23:01,0.00000000000000,0.00000000000000
2026-01-06 16:23:02,0.00273972602740,0.02362173717686
2026-01-06 16:23:03,0.00000000000000,0.00000000000000
2026-01-06 16:23:04,0.00536193029491,0.03758275051596
2026-01-06 16:23:05,0.00000000000000,0.00000000000000
2026-01-06 16:23:06,0.00265957446809,0.01886838953535
2026-01-06 16:23:07,0.00000000000000,0.00000000000000
2026-01-06 16:23:08,0.00266666666667,0.01914495855176
2026-01-06 16:23:09,0.00000000000000,0.00000000000000
2026-01-06 16:23:10,0.00265957446809,0.01906519604122
2026-01-06 16:23:11,0.00000000000000,0.00000000000000
2026-01-06 16:23:12,0.00000000000000,0.00000000000000
2026-01-06 16:23:13,0.00263157894737,0.02418679601802
2026-01-06 16:23:14,0.00259067357513,0.02439547386000
2026-01-06 16:23:15,0.00263852242744,0.01844181193051
2026-01-06 16:23:16,0.00000000000000,0.00000000000000
2026-01-06 16:23:17,0.00268817204301,0.02142840899578
2026-01-06 16:23:18,0.00000000000000,0.00000000000000
2026-01-06 16:23:19,0.00000000000000,0.00000000000000
2026-01-06 16:23:20,0.00268096514745,0.01896511125376
2026-01-06 16:23:21,0.00000000000000,0.00000000000000
2026-01-06 16:23:22,0.00000000000000,0.00000000000000
2026-01-06 16:23:23,0.00265251989390,0.01986399079693
2026-01-06 16:23:24,0.00520833333333,0.04412268706715
2026-01-06 16:23:25,0.00000000000000,0.00000000000000
2026-01-06 16:23:26,0.00000000000000,0.00000000000000
2026-01-06 16:23:27,0.00533333333333,0.04398832465835
2026-01-06 16:23:28,0.00000000000000,0.00000000000000
2026-01-06 16:23:29,0.00000000000000,0.00000000000000
2026-01-06 16:23:30,0.00000000000000,0.00000000000000
2026-01-06 16:23:31,0.00270270270270,0.01912677240826
2026-01-06 16:23:32,0.00000000000000,0.00000000000000
2026-01-06 16:23:33,0.00273224043716,0.02046484177192
2026-01-06 16:23:34,0.00271002710027,0.01911400377665
2026-01-06 16:23:35,0.00263852242744,0.02121670915060
2026-01-06 16:23:36,0.00268096514745,0.01871388733272
2026-01-06 16:23:37,0.00000000000000,0.00000000000000
2026-01-06 16:23:38,0.00000000000000,0.00000000000000
2026-01-06 16:23:39,0.00000000000000,0.00000000000000
2026-01-06 16:23:40,0.00271002710027,0.01892679922952
2026-01-06 16:23:41,0.00000000000000,0.00000000000000
2026-01-06 16:23:42,0.00273224043716,0.02074477823751
2026-01-06 16:23:43,0.00546448087432,0.03917427132505
2026-01-06 16:23:44,0.00000000000000,0.00000000000000
2026-01-06 16:23:45,0.00000000000000,0.00000000000000
2026-01-06 16:23:46,0.00262467191601,0.01983097876985
2026-01-06 16:23:47,0.00000000000000,0.00000000000000
2026-01-06 16:23:48,0.00269541778976,0.01986443516267
2026-01-06 16:23:49,0.00000000000000,0.00000000000000
2026-01-06 16:23:50,0.00267379679144,0.01881104564663
2026-01-06 16:23:51,0.00000000000000,0.00000000000000
2026-01-06 16:23:52,0.00000000000000,0.00000000000000
2026-01-06 16:23:53,0.00542005420054,0.03905179861575
2026-01-06 16:23:54,0.00000000000000,0.00000000000000
2026-01-06 16:23:55,0.00000000000000,0.00000000000000
2026-01-06 16:23:56,0.00266666666667,0.01989735401587
2026-01-06 16:23:57,0.00270270270270,0.01941785918887
2026-01-06 16:23:58,0.00000000000000,0.00000000000000
2026-01-06 16:23:59,0.00268096514745,0.01925320825308
2026-01-06 16:24:00,0.00000000000000,0.00000000000000
2026-01-06 16:24:01,0.00000000000000,0.00000000000000
2026-01-06 16:24:02,0.00257069408740,0.04999262324110
2026-01-06 16:24:03,0.00000000000000,0.00000000000000
2026-01-06 16:24:04,0.00257731958763,0.02499205707700
2026-01-06 16:24:05,0.00261096605744,0.01799007237681
2026-01-06 16:24:06,0.00000000000000,0.00000000000000
2026-01-06 16:24:07,0.00000000000000,0.00000000000000
2026-01-06 16:24:08,0.00265957446809,0.01889836522313
2026-01-06 16:24:09,0.00000000000000,0.00000000000000
2026-01-06 16:24:10,0.00264550264550,0.01863616452891
2026-01-06 16:24:11,0.00000000000000,0.00000000000000
2026-01-06 16:24:12,0.00000000000000,0.00000000000000
2026-01-06 16:24:13,0.00271739130435,0.01993589583962
2026-01-06 16:24:14,0.00270270270270,0.01898862165019
2026-01-06 16:24:15,0.00269541778976,0.01885939545161
2026-01-06 16:24:16,0.00000000000000,0.00000000000000
2026-01-06 16:24:17,0.00000000000000,0.00000000000000
2026-01-06 16:24:18,0.00268817204301,0.01884441298117
2026-01-06 16:24:19,0.00000000000000,0.00000000000000
2026-01-06 16:24:20,0.00268817204301,0.01901870027272
2026-01-06 16:24:21,0.00000000000000,0.00000000000000
2026-01-06 16:24:22,0.00000000000000,0.00000000000000
2026-01-06 16:24:23,0.00268817204301,0.02010160999194
2026-01-06 16:24:24,0.00269541778976,0.01877874160377
2026-01-06 16:24:25,0.00265957446809,0.01877367800173
2026-01-06 16:24:26,0.00000000000000,0.00000000000000
2026-01-06 16:24:27,0.00268096514745,0.02132148439357
2026-01-06 16:24:28,0.00000000000000,0.00000000000000
2026-01-06 16:24:29,0.00268817204301,0.01868348196341
2026-01-06 16:24:30,0.00000000000000,0.00000000000000
2026-01-06 16:24:31,0.00000000000000,0.00000000000000
2026-01-06 16:24:32,0.00273972602740,0.01998330951378
2026-01-06 16:24:33,0.00000000000000,0.00000000000000
2026-01-06 16:24:34,0.00271002710027,0.01907887972584
2026-01-06 16:24:35,0.00000000000000,0.00000000000000
2026-01-06 16:24:36,0.00271002710027,0.01939172498082
2026-01-06 16:24:37,0.00000000000000,0.00000000000000
2026-01-06 16:24:38,0.00261096605744,0.02369160007994
2026-01-06 16:24:39,0.00000000000000,0.00000000000000
2026-01-06 16:24:40,0.00000000000000,0.00000000000000
2026-01-06 16:24:41,0.00268817204301,0.01891729090406
2026-01-06 16:24:42,0.00270270270270,0.02208131323392
2026-01-06 16:24:43,0.00000000000000,0.00000000000000
2026-01-06 16:24:44,0.00265251989390,0.01881576904975
2026-01-06 16:24:45,0.00269541778976,0.01889774474603
2026-01-06 16:24:46,0.00000000000000,0.00000000000000
2026-01-06 16:24:47,0.00269541778976,0.01994231839099
2026-01-06 16:24:48,0.00000000000000,0.00000000000000
2026-01-06 16:24:49,0.00000000000000,0.00000000000000
2026-01-06 16:24:50,0.00269541778976,0.01881975296885
2026-01-06 16:24:51,0.00268096514745,0.02009915132396
2026-01-06 16:24:52,0.00000000000000,0.00000000000000
2026-01-06 16:24:53,0.00000000000000,0.00000000000000
2026-01-06 16:24:54,0.00271739130435,0.01960787165470
2026-01-06 16:24:55,0.00000000000000,0.00000000000000
2026-01-06 16:24:56,0.00542005420054,0.03842704537597
2026-01-06 16:24:57,0.00000000000000,0.00000000000000
2026-01-06 16:24:58,0.00000000000000,0.00000000000000
2026-01-06 16:24:59,0.00000000000000,0.00000000000000
2026-01-06 16:25:00,0.00265957446809,0.01963016244108
2026-01-06 16:25:01,0.00000000000000,0.00000000000000
2026-01-06 16:25:02,0.00269541778976,0.02016122959833
2026-01-06 16:25:03,0.00000000000000,0.00000000000000
2026-01-06 16:25:04,0.00269541778976,0.01925369552414
2026-01-06 16:25:05,0.00272479564033,0.01929115321606
2026-01-06 16:25:06,0.00000000000000,0.00000000000000
2026-01-06 16:25:07,0.00000000000000,0.00000000000000
2026-01-06 16:25:08,0.00269541778976,0.01925369552414
2026-01-06 16:25:09,0.00268096514745,0.01920003328936
2026-01-06 16:25:10,0.00000000000000,0.00000000000000
2026-01-06 16:25:11,0.00270270270270,0.01967120502273
2026-01-06 16:25:12,0.00000000000000,0.00000000000000
2026-01-06 16:25:13,0.00268817204301,0.01963235046111
2026-01-06 16:25:14,0.00268096514745,0.01902799392678
2026-01-06 16:25:15,0.00000000000000,0.00000000000000
2026-01-06 16:25:16,0.00000000000000,0.00000000000000
2026-01-06 16:25:17,0.00275482093664,0.02056214418723
2026-01-06 16:25:18,0.00270270270270,0.01977042751857
2026-01-06 16:25:19,0.00000000000000,0.00000000000000
2026-01-06 16:25:20,0.00000000000000,0.00000000000000
2026-01-06 16:25:21,0.00263157894737,0.01938284626271
2026-01-06 16:25:22,0.00000000000000,0.00000000000000
2026-01-06 16:25:23,0.00000000000000,0.00000000000000
2026-01-06 16:25:24,0.00267379679144,0.01894356800827
2026-01-06 16:25:25,0.00268817204301,0.01888142402904
2026-01-06 16:25:26,0.00000000000000,0.00000000000000
2026-01-06 16:25:27,0.00277008310249,0.02071711571658
2026-01-06 16:25:28,0.00000000000000,0.00000000000000
2026-01-06 16:25:29,0.00267379679144,0.01900466900621
2026-01-06 16:25:30,0.00265957446809,0.01863400245758
2026-01-06 16:25:31,0.00000000000000,0.00000000000000
2026-01-06 16:25:32,0.00000000000000,0.00000000000000
2026-01-06 16:25:33,0.00268096514745,0.02043398216907
2026-01-06 16:25:34,0.00262467191601,0.01854681188265
2026-01-06 16:25:35,0.00263852242744,0.01836323684946
2026-01-06 16:25:36,0.00000000000000,0.00000000000000
2026-01-06 16:25:37,0.00266666666667,0.01932003473768
2026-01-06 16:25:38,0.00000000000000,0.00000000000000
2026-01-06 16:25:39,0.00000000000000,0.00000000000000
2026-01-06 16:25:40,0.00000000000000,0.00000000000000
2026-01-06 16:25:41,0.00265957446809,0.02021831777515
2026-01-06 16:25:42,0.00266666666667,0.01998086234772
2026-01-06 16:25:43,0.00265251989390,0.01913850878488
2026-01-06 16:25:44,0.00268817204301,0.01922706282165
2026-01-06 16:25:45,0.00268817204301,0.01901870027272
2026-01-06 16:25:46,0.00000000000000,0.00000000000000
2026-01-06 16:25:47,0.00000000000000,0.00000000000000
2026-01-06 16:25:48,0.00267379679144,0.01930076893682
2026-01-06 16:25:49,0.00000000000000,0.00000000000000
2026-01-06 16:25:50,0.00268096514745,0.01899696316906
2026-01-06 16:25:51,0.00000000000000,0.00000000000000
2026-01-06 16:25:53,0.00000000000000,0.00000000000000
2026-01-06 16:25:54,0.00274725274725,0.02064972084995
2026-01-06 16:25:55,0.00542005420054,0.03836252095706
2026-01-06 16:25:56,0.00000000000000,0.00000000000000
2026-01-06 16:25:57,0.00000000000000,0.00000000000000
2026-01-06 16:25:58,0.00000000000000,0.00000000000000
2026-01-06 16:25:59,0.00271002710027,0.02052344505434
2026-01-06 16:26:00,0.00269541778976,0.01900575675104
2026-01-06 16:26:01,0.00000000000000,0.00000000000000
2026-01-06 16:26:02,0.00000000000000,0.00000000000000
2026-01-06 16:26:03,0.00274725274725,0.02041429349571
2026-01-06 16:26:04,0.00000000000000,0.00000000000000
2026-01-06 16:26:05,0.00539083557951,0.03872533722083
2026-01-06 16:26:06,0.00000000000000,0.00000000000000
2026-01-06 16:26:07,0.00268096514745,0.01914503098781
2026-01-06 16:26:08,0.00000000000000,0.00000000000000
2026-01-06 16:26:09,0.00273972602740,0.01969852152423
2026-01-06 16:26:10,0.00000000000000,0.00000000000000
2026-01-06 16:26:11,0.00000000000000,0.00000000000000
2026-01-06 16:26:12,0.00269541778976,0.01913587337103
2026-01-06 16:26:13,0.00000000000000,0.00000000000000
2026-01-06 16:26:14,0.00270270270270,0.01912677240826
2026-01-06 16:26:15,0.00268817204301,0.01905065375909
2026-01-06 16:26:16,0.00268817204301,0.01905065375909
2026-01-06 16:26:17,0.00000000000000,0.00000000000000
2026-01-06 16:26:18,0.00000000000000,0.00000000000000
2026-01-06 16:26:19,0.00271739130435,0.02031327190678
2026-01-06 16:26:20,0.00272479564033,0.01918811501873
2026-01-06 16:26:21,0.00000000000000,0.00000000000000
2026-01-06 16:26:22,0.00000000000000,0.00000000000000
2026-01-06 16:26:23,0.00261780104712,0.02127593064771
2026-01-06 16:26:24,0.00268096514745,0.02009915132396
2026-01-06 16:26:25,0.00000000000000,0.00000000000000
2026-01-06 16:26:26,0.00268096514745,0.01871388733272
2026-01-06 16:26:27,0.00267379679144,0.01870064838392
2026-01-06 16:26:28,0.00000000000000,0.00000000000000
2026-01-06 16:26:29,0.00000000000000,0.00000000000000
2026-01-06 16:26:30,0.00265957446809,0.01855726061678
2026-01-06 16:26:31,0.00271739130435,0.01926841971578
2026-01-06 16:26:32,0.00000000000000,0.00000000000000
2026-01-06 16:26:33,0.00000000000000,0.00000000000000
2026-01-06 16:26:34,0.00274725274725,0.02014480072641
2026-01-06 16:26:35,0.00268096514745,0.01905826124069
2026-01-06 16:26:36,0.00268817204301,0.01872579781554
2026-01-06 16:26:37,0.00000000000000,0.00000000000000
2026-01-06 16:26:38,0.00266666666667,0.01971216814070
2026-01-06 16:26:39,0.00000000000000,0.00000000000000
2026-01-06 16:26:40,0.00000000000000,0.00000000000000
2026-01-06 16:26:41,0.00268096514745,0.01882826844734
2026-01-06 16:26:42,0.00000000000000,0.00000000000000
2026-01-06 16:26:43,0.00275482093664,0.02015223526155
2026-01-06 16:26:44,0.00259740259740,0.02530252330674
2026-01-06 16:26:45,0.00000000000000,0.00000000000000
2026-01-06 16:26:46,0.00263852242744,0.01781442056047
2026-01-06 16:26:47,0.00000000000000,0.00000000000000
2026-01-06 16:26:48,0.00263852242744,0.01922257134159
2026-01-06 16:26:49,0.00266666666667,0.02031069477492
2026-01-06 16:26:50,0.00000000000000,0.00000000000000
2026-01-06 16:26:51,0.00000000000000,0.00000000000000
2026-01-06 16:26:52,0.00267379679144,0.01911880443942
2026-01-06 16:26:53,0.00265957446809,0.01968099549661
2026-01-06 16:26:54,0.00265957446809,0.01906519604122
2026-01-06 16:26:55,0.00000000000000,0.00000000000000
2026-01-06 16:26:56,0.00268096514745,0.01886402183103
2026-01-06 16:26:57,0.00000000000000,0.00000000000000
2026-01-06 16:26:58,0.00000000000000,0.00000000000000
2026-01-06 16:26:59,0.00270270270270,0.02030882014747
2026-01-06 16:27:00,0.00268096514745,0.01938040153114
2026-01-06 16:27:01,0.00000000000000,0.00000000000000
2026-01-06 16:27:02,0.00000000000000,0.00000000000000
2026-01-06 16:27:03,0.00000000000000,0.00000000000000
2026-01-06 16:27:04,0.00552486187845,0.04042341381639
2026-01-06 16:27:05,0.00000000000000,0.00000000000000
2026-01-06 16:27:06,0.00265957446809,0.01859626415997
2026-01-06 16:27:07,0.00000000000000,0.00000000000000
2026-01-06 16:27:08,0.00000000000000,0.00000000000000
2026-01-06 16:27:09,0.00544959128065,0.03851557599592
2026-01-06 16:27:10,0.00000000000000,0.00000000000000
2026-01-06 16:27:11,0.00000000000000,0.00000000000000
2026-01-06 16:27:12,0.00000000000000,0.00000000000000
2026-01-06 16:27:13,0.00265957446809,0.01921690931213
2026-01-06 16:27:14,0.00276243093923,0.02034366856133
2026-01-06 16:27:15,0.00265251989390,0.01881576904975
2026-01-06 16:27:16,0.00000000000000,0.00000000000000
2026-01-06 16:27:17,0.00265957446809,0.01883765432921
2026-01-06 16:27:18,0.00000000000000,0.00000000000000
2026-01-06 16:27:19,0.00000000000000,0.00000000000000
2026-01-06 16:27:20,0.00271002710027,0.01939172498082
2026-01-06 16:27:21,0.00266666666667,0.01848342662895
2026-01-06 16:27:22,0.00000000000000,0.00000000000000
2026-01-06 16:27:23,0.00000000000000,0.00000000000000
2026-01-06 16:27:24,0.00543478260870,0.03941931164545
2026-01-06 16:27:25,0.00265957446809,0.01958015340702
2026-01-06 16:27:26,0.00000000000000,0.00000000000000
2026-01-06 16:27:27,0.00000000000000,0.00000000000000
2026-01-06 16:27:28,0.00273972602740,0.02087519083898
2026-01-06 16:27:29,0.00000000000000,0.00000000000000
2026-01-06 16:27:30,0.00000000000000,0.00000000000000
2026-01-06 16:27:31,0.00255102040816,0.02386475112959
2026-01-06 16:32:52,0.45675675675676,3.24315451634865
2026-01-06 16:32:53,0.00275482093664,0.02053298725254
2026-01-06 16:32:54,0.00544959128065,0.03958369053253
2026-01-06 16:32:55,0.00000000000000,0.00000000000000
2026-01-06 16:32:56,0.00000000000000,0.00000000000000
2026-01-06 16:32:57,0.00271739130435,0.01955570967389
2026-01-06 16:32:58,0.00000000000000,0.00000000000000
2026-01-06 16:32:59,0.00000000000000,0.00000000000000
2026-01-06 16:33:00,0.00268096514745,0.01899696316906
2026-01-06 16:33:01,0.00269541778976,0.01946576870721
2026-01-06 16:33:02,0.00000000000000,0.00000000000000
2026-01-06 16:33:03,0.00000000000000,0.00000000000000
2026-01-06 16:33:04,0.00544959128065,0.03943155924316
2026-01-06 16:33:05,0.00000000000000,0.00000000000000
2026-01-06 16:33:06,0.00267379679144,0.01862078399065
2026-01-06 16:33:07,0.00000000000000,0.00000000000000
2026-01-06 16:33:08,0.00271002710027,0.01947336017485
2026-01-06 16:33:09,0.00000000000000,0.00000000000000
2026-01-06 16:33:10,0.00265251989390,0.01838070147008
2026-01-06 16:33:11,0.00000000000000,0.00000000000000
2026-01-06 16:33:40,0.04371584699454,0.32125651995278
2026-01-06 16:33:41,0.00000000000000,0.00000000000000
2026-01-06 16:33:42,0.00271002710027,0.02014061747973
2026-01-06 16:33:43,0.00546448087432,0.03922928903887
2026-01-06 16:33:44,0.00000000000000,0.00000000000000
2026-01-06 16:33:45,0.00000000000000,0.00000000000000
2026-01-06 16:33:46,0.00000000000000,0.00000000000000
2026-01-06 16:33:47,0.00270270270270,0.01977042751857
2026-01-06 16:33:48,0.00000000000000,0.00000000000000
2026-01-06 16:33:49,0.00536193029491,0.03845365300132
2026-01-06 16:33:50,0.00000000000000,0.00000000000000
2026-01-06 16:33:51,0.00000000000000,0.00000000000000
2026-01-06 16:33:52,0.00000000000000,0.00000000000000
2026-01-06 16:33:53,0.00270270270270,0.02019263475031
2026-01-06 16:33:54,0.00271002710027,0.02085492648585
2026-01-06 16:33:55,0.00000000000000,0.00000000000000
2026-01-06 16:33:56,0.00266666666667,0.01903756280062
2026-01-06 16:33:57,0.00000000000000,0.00000000000000
2026-01-06 16:33:58,0.00269541778976,0.01968878632741
2026-01-06 16:33:59,0.00000000000000,0.00000000000000
2026-01-06 16:34:00,0.00000000000000,0.00000000000000
2026-01-06 16:34:01,0.00269541778976,0.01907258650317
2026-01-06 16:34:02,0.00000000000000,0.00000000000000
2026-01-06 16:34:03,0.00273972602740,0.01977821768562
2026-01-06 16:34:04,0.00265251989390,0.01908879421490
2026-01-06 16:34:05,0.00269541778976,0.01900575675104
2026-01-06 16:34:06,0.00000000000000,0.00000000000000
2026-01-06 16:41:51,0.67119565217391,5.03910901394548
2026-01-06 16:41:52,0.00267379679144,0.02063715873509
2026-01-06 16:41:53,0.00000000000000,0.00000000000000
2026-01-06 16:41:54,0.00271739130435,0.01936078010510
2026-01-06 16:41:55,0.00271002710027,0.01892679922952
2026-01-06 16:41:56,0.00000000000000,0.00000000000000
2026-01-06 16:41:57,0.00268096514745,0.01969947246349
2026-01-06 16:41:58,0.00000000000000,0.00000000000000
2026-01-06 16:41:59,0.00269541778976,0.01976326836667
2026-01-06 16:42:00,0.00000000000000,0.00000000000000
2026-01-06 16:42:01,0.00000000000000,0.00000000000000
2026-01-06 16:42:02,0.00266666666667,0.02074713006473
2026-01-06 16:42:03,0.00263852242744,0.02406282732559
2026-01-06 16:42:04,0.00267379679144,0.01925042938356
2026-01-06 16:42:05,0.00000000000000,0.00000000000000
2026-01-06 16:42:06,0.00268096514745,0.02070097035092
2026-01-06 16:42:07,0.00271002710027,0.01985278324629
2026-01-06 16:42:08,0.00000000000000,0.00000000000000
2026-01-06 16:42:09,0.00000000000000,0.00000000000000
2026-01-06 16:42:10,0.00264550264550,0.01841418549333
2026-01-06 16:42:11,0.00265251989390,0.01921150369794
2026-01-06 16:42:12,0.00000000000000,0.00000000000000
2026-01-06 16:42:13,0.00270270270270,0.01977042751857
2026-01-06 16:42:14,0.00256410256410,0.02511390796675
2026-01-06 16:42:15,0.00000000000000,0.00000000000000
2026-01-06 16:42:16,0.00264550264550,0.01853051413318
2026-01-06 16:42:17,0.00000000000000,0.00000000000000
2026-01-06 16:42:18,0.00000000000000,0.00000000000000
2026-01-06 16:42:19,0.00273972602740,0.01988144853721
2026-01-06 16:42:20,0.00000000000000,0.00000000000000
2026-01-06 16:42:21,0.00265251989390,0.01918733681018
2026-01-06 16:42:22,0.00000000000000,0.00000000000000
2026-01-06 16:42:23,0.00270270270270,0.01987104870734
2026-01-06 16:42:24,0.00527704485488,0.04133391513425
2026-01-06 16:42:25,0.00000000000000,0.00000000000000
2026-01-06 16:42:26,0.00000000000000,0.00000000000000
2026-01-06 16:42:27,0.00268096514745,0.02117030985164
2026-01-06 16:42:28,0.00000000000000,0.00000000000000
2026-01-06 16:42:29,0.00268096514745,0.02018667205678
2026-01-06 16:42:30,0.00000000000000,0.00000000000000
2026-01-06 16:42:31,0.00268096514745,0.01889870326529
2026-01-06 16:42:32,0.00000000000000,0.00000000000000
2026-01-06 16:42:33,0.00000000000000,0.00000000000000
2026-01-06 16:42:34,0.00536193029491,0.03876080306228
2026-01-06 16:42:35,0.00000000000000,0.00000000000000
2026-01-06 16:42:36,0.00000000000000,0.00000000000000
2026-01-06 16:42:37,0.00269541778976,0.02153639676333
2026-01-06 16:42:38,0.00000000000000,0.00000000000000
2026-01-06 16:42:39,0.00531914893617,0.03891588558578
2026-01-06 16:42:40,0.00000000000000,0.00000000000000
2026-01-06 16:42:56,0.02432432432432,0.17271237069312
2026-01-06 16:42:57,0.00263157894737,0.02096381220529
2026-01-06 16:42:58,0.00000000000000,0.00000000000000
2026-01-06 16:42:59,0.00000000000000,0.00000000000000
2026-01-06 16:43:00,0.00266666666667,0.01898073743323
2026-01-06 16:43:01,0.00000000000000,0.00000000000000
2026-01-06 16:43:02,0.00000000000000,0.00000000000000
2026-01-06 16:43:03,0.00544959128065,0.03938030567062
2026-01-06 16:43:04,0.00268096514745,0.01938040153114
2026-01-06 16:43:05,0.00000000000000,0.00000000000000
2026-01-06 16:43:06,0.00000000000000,0.00000000000000
2026-01-06 16:43:07,0.00511508951407,0.06623706141027
2026-01-06 16:43:08,0.00000000000000,0.00000000000000
2026-01-06 16:43:09,0.00000000000000,0.00000000000000
2026-01-06 16:43:10,0.00000000000000,0.00000000000000
2026-01-06 16:43:11,0.00265957446809,0.01898427117999
2026-01-06 16:43:12,0.00000000000000,0.00000000000000
2026-01-06 16:43:13,0.00269541778976,0.02062476816471
2026-01-06 16:43:14,0.00536193029491,0.04093262164588
2026-01-06 16:43:15,0.00000000000000,0.00000000000000
2026-01-06 16:43:16,0.00000000000000,0.00000000000000
2026-01-06 16:43:17,0.00000000000000,0.00000000000000
2026-01-06 16:43:18,0.00271739130435,0.01968443555259
2026-01-06 16:43:19,0.00263852242744,0.02132976345071
2026-01-06 16:43:20,0.00000000000000,0.00000000000000
2026-01-06 16:43:21,0.00270270270270,0.01949590805202
2026-01-06 16:43:22,0.00000000000000,0.00000000000000
2026-01-06 16:43:23,0.00267379679144,0.02218340450637
2026-01-06 16:43:24,0.00265957446809,0.01874031844158
2026-01-06 16:43:25,0.00272479564033,0.01950304610784
2026-01-06 16:43:26,0.00000000000000,0.00000000000000
2026-01-06 16:43:27,0.00000000000000,0.00000000000000
2026-01-06 16:43:28,0.00000000000000,0.00000000000000
2026-01-06 16:43:29,0.00268096514745,0.01854200688073
2026-01-06 16:43:30,0.00271739130435,0.01965908815045
2026-01-06 16:43:31,0.00000000000000,0.00000000000000
2026-01-06 16:43:32,0.00000000000000,0.00000000000000
2026-01-06 16:43:33,0.00266666666667,0.02018639180894
2026-01-06 16:43:34,0.00265957446809,0.01880610323727
2026-01-06 16:43:35,0.00268096514745,0.01899696316906
2026-01-06 16:43:36,0.00000000000000,0.00000000000000
2026-01-06 16:43:37,0.00271002710027,0.02022428586101
2026-01-06 16:43:38,0.00000000000000,0.00000000000000
2026-01-06 16:43:39,0.00261096605744,0.02252959286863
2026-01-06 16:43:40,0.00000000000000,0.00000000000000
2026-01-06 16:43:41,0.00000000000000,0.00000000000000
2026-01-06 16:43:42,0.00268096514745,0.02087686659752
2026-01-06 16:43:43,0.00540540540541,0.04130979070190
2026-01-06 16:43:44,0.00000000000000,0.00000000000000
2026-01-06 16:43:45,0.00000000000000,0.00000000000000
2026-01-06 16:43:46,0.00270270270270,0.01925068381852
2026-01-06 16:43:47,0.00000000000000,0.00000000000000
2026-01-06 16:43:48,0.00000000000000,0.00000000000000
2026-01-06 16:43:49,0.00526315789474,0.04543329577769
2026-01-06 16:43:50,0.00000000000000,0.00000000000000
2026-01-06 16:43:51,0.00000000000000,0.00000000000000
2026-01-06 16:43:52,0.00274725274725,0.02094012387183
2026-01-06 16:43:53,0.00000000000000,0.00000000000000
2026-01-06 16:43:54,0.00267379679144,0.01877540513309
2026-01-06 16:43:55,0.00000000000000,0.00000000000000
2026-01-06 16:43:56,0.00268817204301,0.01948512900540
2026-01-06 16:43:57,0.00000000000000,0.00000000000000
2026-01-06 16:43:58,0.00000000000000,0.00000000000000
2026-01-06 16:43:59,0.00272479564033,0.01938613469252
2026-01-06 16:44:01,0.00258397932817,0.02130634227386
2026-01-06 16:44:02,0.00256410256410,0.03450623399455
2026-01-06 16:44:03,0.00000000000000,0.00000000000000
2026-01-06 16:44:04,0.00000000000000,0.00000000000000
2026-01-06 16:44:05,0.00255754475703,0.03024583063678
2026-01-06 16:44:06,0.00263157894737,0.02007072422000
2026-01-06 16:44:07,0.00000000000000,0.00000000000000
2026-01-06 16:44:08,0.00000000000000,0.00000000000000
2026-01-06 16:44:09,0.00540540540541,0.03838052682069
2026-01-06 16:44:10,0.00000000000000,0.00000000000000
2026-01-06 16:44:11,0.00263157894737,0.02029553810520
2026-01-06 16:44:12,0.00000000000000,0.00000000000000
2026-01-06 16:44:13,0.00000000000000,0.00000000000000
2026-01-06 16:44:14,0.00270270270270,0.02075595683535
2026-01-06 16:44:15,0.00265957446809,0.01903869551969
2026-01-06 16:44:16,0.00265251989390,0.01838070147008
2026-01-06 16:44:17,0.00000000000000,0.00000000000000
2026-01-06 16:44:18,0.00000000000000,0.00000000000000
2026-01-06 16:44:19,0.00262467191601,0.01885250475434
2026-01-06 16:44:20,0.00265957446809,0.01960506170552
2026-01-06 16:44:21,0.00000000000000,0.00000000000000
2026-01-06 16:44:22,0.00000000000000,0.00000000000000
2026-01-06 16:44:23,0.00264550264550,0.01964517140347
2026-01-06 16:44:24,0.00271739130435,0.02255046462189
2026-01-06 16:44:25,0.00000000000000,0.00000000000000
2026-01-06 16:44:26,0.00264550264550,0.01870153999125
2026-01-06 16:44:27,0.00000000000000,0.00000000000000
2026-01-06 16:44:28,0.00264550264550,0.01972438233120
2026-01-06 16:44:29,0.00000000000000,0.00000000000000
2026-01-06 16:44:30,0.00267379679144,0.01922484558237
2026-01-06 16:44:31,0.00000000000000,0.00000000000000
2026-01-06 16:44:32,0.00267379679144,0.02015627509095
2026-01-06 16:44:33,0.00000000000000,0.00000000000000
2026-01-06 16:44:34,0.00268096514745,0.01899696316906
2026-01-06 16:44:35,0.00273224043716,0.02134426114155
2026-01-06 16:44:36,0.00000000000000,0.00000000000000
2026-01-06 16:44:37,0.00000000000000,0.00000000000000
2026-01-06 16:44:38,0.00273224043716,0.01961464451944
2026-01-06 16:44:39,0.00273224043716,0.02029280069226
2026-01-06 16:44:40,0.00000000000000,0.00000000000000
2026-01-06 16:44:41,0.00000000000000,0.00000000000000
2026-01-06 16:45:29,0.06951871657754,0.52178033429781
2026-01-06 16:45:30,0.00000000000000,0.00000000000000
2026-01-06 16:45:31,0.00000000000000,0.00000000000000
2026-01-06 16:45:32,0.00266666666667,0.01909217813456
2026-01-06 16:45:33,0.00000000000000,0.00000000000000
2026-01-06 16:45:34,0.00536193029491,0.03920137531432
2026-01-06 16:45:35,0.00000000000000,0.00000000000000
2026-01-06 16:45:36,0.00000000000000,0.00000000000000
2026-01-06 16:45:37,0.00261780104712,0.02267526864951
2026-01-06 16:45:38,0.00000000000000,0.00000000000000
2026-01-06 16:45:39,0.00268817204301,0.02150560898231
2026-01-06 16:45:40,0.00000000000000,0.00000000000000
2026-01-06 16:45:41,0.00266666666667,0.01872283170518
2026-01-06 16:45:42,0.00274725274725,0.02050019896571
2026-01-06 16:45:43,0.00000000000000,0.00000000000000
2026-01-06 16:45:44,0.00273224043716,0.02010455774452
2026-01-06 16:45:45,0.00000000000000,0.00000000000000
2026-01-06 16:45:46,0.00271002710027,0.01904266858389
2026-01-06 16:45:47,0.00000000000000,0.00000000000000
2026-01-06 16:45:48,0.00270270270270,0.01974554759865
2026-01-06 16:45:49,0.00000000000000,0.00000000000000
2026-01-06 16:45:50,0.00267379679144,0.01877540513309
2026-01-06 16:45:51,0.00262467191601,0.01844821590031
2026-01-06 16:45:52,0.00000000000000,0.00000000000000
